Images,Latitude,Longitude,Coords
IMG_0000_3.tif,-30.272835399999998,149.80293260000002,"(-30.272835399999998, 149.80293260000002)"
IMG_0081_4.tif,-30.272860599999998,149.8034409,"(-30.272860599999998, 149.8034409)"
IMG_0160_1.tif,-30.2731903,149.80381500000001,"(-30.2731903, 149.80381500000001)"
IMG_0143_2.tif,-30.2730919,149.8033172,"(-30.2730919, 149.8033172)"
IMG_0173_5.tif,-30.2731298,149.8030175,"(-30.2731298, 149.8030175)"
IMG_0176_4.tif,-30.2730495,149.8026522,"(-30.2730495, 149.8026522)"
IMG_0167_1.tif,-30.2731393,149.8032827,"(-30.2731393, 149.8032827)"
IMG_0066_5.tif,-30.2728374,149.80391070000002,"(-30.2728374, 149.80391070000002)"
IMG_0094_6.tif,-30.2729875,149.80411980000002,"(-30.2729875, 149.80411980000002)"
IMG_0090_2.tif,-30.272920199999998,149.80409500000002,"(-30.272920199999998, 149.80409500000002)"
IMG_0007_4.tif,-30.272832599999997,149.80292880000002,"(-30.272832599999997, 149.80292880000002)"
IMG_0036_4.tif,-30.2727398,149.8033307,"(-30.2727398, 149.8033307)"
IMG_0030_2.tif,-30.2731647,149.8031085,"(-30.2731647, 149.8031085)"
IMG_0014_1.tif,-30.2728355,149.8029257,"(-30.2728355, 149.8029257)"
IMG_0024_5.tif,-30.2729516,149.8030026,"(-30.2729516, 149.8030026)"
IMG_0069_6.tif,-30.27283,149.80389430000002,"(-30.27283, 149.80389430000002)"
IMG_0146_4.tif,-30.2731004,149.80350610000002,"(-30.2731004, 149.80350610000002)"
IMG_0063_4.tif,-30.272805599999998,149.8038458,"(-30.272805599999998, 149.8038458)"
IMG_0065_1.tif,-30.272835099999998,149.8039139,"(-30.272835099999998, 149.8039139)"
IMG_0162_6.tif,-30.273174299999997,149.80361630000002,"(-30.273174299999997, 149.80361630000002)"
IMG_0095_3.tif,-30.2729864,149.8041183,"(-30.2729864, 149.8041183)"
IMG_0081_3.tif,-30.272860599999998,149.8034409,"(-30.272860599999998, 149.8034409)"
IMG_0021_5.tif,-30.2728421,149.8029214,"(-30.2728421, 149.8029214)"
IMG_0165_1.tif,-30.273141499999998,149.80331950000001,"(-30.273141499999998, 149.80331950000001)"
IMG_0040_2.tif,-30.2725507,149.80339650000002,"(-30.2725507, 149.80339650000002)"
IMG_0186_3.tif,-30.2728263,149.80283540000002,"(-30.2728263, 149.80283540000002)"
IMG_0059_6.tif,-30.2727465,149.8036836,"(-30.2727465, 149.8036836)"
IMG_0053_2.tif,-30.2726303,149.80344670000002,"(-30.2726303, 149.80344670000002)"
IMG_0149_1.tif,-30.2731341,149.8038007,"(-30.2731341, 149.8038007)"
IMG_0031_3.tif,-30.2731556,149.80317050000002,"(-30.2731556, 149.80317050000002)"
IMG_0075_2.tif,-30.2727932,149.8034713,"(-30.2727932, 149.8034713)"
IMG_0017_6.tif,-30.2728359,149.8029281,"(-30.2728359, 149.8029281)"
IMG_0119_6.tif,-30.273037,149.8040454,"(-30.273037, 149.8040454)"
IMG_0136_4.tif,-30.2730317,149.8033598,"(-30.2730317, 149.8033598)"
IMG_0152_6.tif,-30.273154899999998,149.8040034,"(-30.273154899999998, 149.8040034)"
IMG_0046_1.tif,-30.2725419,149.803404,"(-30.2725419, 149.803404)"
IMG_0161_2.tif,-30.2731793,149.8036836,"(-30.2731793, 149.8036836)"
IMG_0078_3.tif,-30.272841099999997,149.8034464,"(-30.272841099999997, 149.8034464)"
IMG_0089_1.tif,-30.2729172,149.80408070000001,"(-30.2729172, 149.80408070000001)"
IMG_0021_6.tif,-30.2728421,149.8029214,"(-30.2728421, 149.8029214)"
IMG_0050_1.tif,-30.2725391,149.80340360000002,"(-30.2725391, 149.80340360000002)"
IMG_0167_2.tif,-30.2731393,149.8032827,"(-30.2731393, 149.8032827)"
IMG_0185_6.tif,-30.2728279,149.80283500000002,"(-30.2728279, 149.80283500000002)"
IMG_0098_5.tif,-30.2729771,149.80406440000002,"(-30.2729771, 149.80406440000002)"
IMG_0164_3.tif,-30.2731484,149.8033938,"(-30.2731484, 149.8033938)"
IMG_0156_5.tif,-30.273210799999998,149.8039601,"(-30.273210799999998, 149.8039601)"
IMG_0199_2.tif,-30.2728368,149.80293550000002,"(-30.2728368, 149.80293550000002)"
IMG_0039_3.tif,-30.2725437,149.8033968,"(-30.2725437, 149.8033968)"
IMG_0173_4.tif,-30.2731298,149.8030175,"(-30.2731298, 149.8030175)"
IMG_0142_1.tif,-30.2730922,149.8033149,"(-30.2730922, 149.8033149)"
IMG_0050_3.tif,-30.2725391,149.80340360000002,"(-30.2725391, 149.80340360000002)"
IMG_0106_6.tif,-30.272913799999998,149.8034043,"(-30.272913799999998, 149.8034043)"
IMG_0039_6.tif,-30.2725437,149.8033968,"(-30.2725437, 149.8033968)"
IMG_0072_2.tif,-30.2728039,149.80360470000002,"(-30.2728039, 149.80360470000002)"
IMG_0025_2.tif,-30.2729769,149.8030292,"(-30.2729769, 149.8030292)"
IMG_0080_1.tif,-30.2728605,149.8034402,"(-30.2728605, 149.8034402)"
IMG_0073_1.tif,-30.272793399999998,149.8035017,"(-30.272793399999998, 149.8035017)"
IMG_0119_3.tif,-30.273037,149.8040454,"(-30.273037, 149.8040454)"
IMG_0106_2.tif,-30.272913799999998,149.8034043,"(-30.272913799999998, 149.8034043)"
IMG_0111_2.tif,-30.272979499999998,149.803377,"(-30.272979499999998, 149.803377)"
IMG_0136_1.tif,-30.2730317,149.8033598,"(-30.2730317, 149.8033598)"
IMG_0096_4.tif,-30.2729857,149.80412030000002,"(-30.2729857, 149.80412030000002)"
IMG_0064_5.tif,-30.2728315,149.8039036,"(-30.2728315, 149.8039036)"
IMG_0159_6.tif,-30.2732034,149.8039223,"(-30.2732034, 149.8039223)"
IMG_0175_6.tif,-30.273066099999998,149.80270610000002,"(-30.273066099999998, 149.80270610000002)"
IMG_0031_2.tif,-30.2731556,149.80317050000002,"(-30.2731556, 149.80317050000002)"
IMG_0112_3.tif,-30.2729751,149.8033823,"(-30.2729751, 149.8033823)"
IMG_0019_3.tif,-30.272835699999998,149.8029265,"(-30.272835699999998, 149.8029265)"
IMG_0135_4.tif,-30.273042,149.8034638,"(-30.273042, 149.8034638)"
IMG_0196_6.tif,-30.2728485,149.8029377,"(-30.2728485, 149.8029377)"
IMG_0061_2.tif,-30.2727535,149.8037271,"(-30.2727535, 149.8037271)"
IMG_0131_5.tif,-30.273078599999998,149.8038507,"(-30.273078599999998, 149.8038507)"
IMG_0126_2.tif,-30.2730972,149.80404090000002,"(-30.2730972, 149.80404090000002)"
IMG_0110_6.tif,-30.2729783,149.80337450000002,"(-30.2729783, 149.80337450000002)"
IMG_0104_5.tif,-30.2729174,149.80345530000002,"(-30.2729174, 149.80345530000002)"
IMG_0020_3.tif,-30.272838099999998,149.80292010000002,"(-30.272838099999998, 149.80292010000002)"
IMG_0022_2.tif,-30.2728592,149.80292980000002,"(-30.2728592, 149.80292980000002)"
IMG_0076_2.tif,-30.2727935,149.80347410000002,"(-30.2727935, 149.80347410000002)"
IMG_0061_1.tif,-30.2727535,149.8037271,"(-30.2727535, 149.8037271)"
IMG_0119_5.tif,-30.273037,149.8040454,"(-30.273037, 149.8040454)"
IMG_0194_5.tif,-30.2728449,149.80293310000002,"(-30.2728449, 149.80293310000002)"
IMG_0193_4.tif,-30.2728441,149.80291580000002,"(-30.2728441, 149.80291580000002)"
IMG_0024_4.tif,-30.2729516,149.8030026,"(-30.2729516, 149.8030026)"
IMG_0036_5.tif,-30.2727398,149.8033307,"(-30.2727398, 149.8033307)"
IMG_0036_1.tif,-30.2727398,149.8033307,"(-30.2727398, 149.8033307)"
IMG_0167_6.tif,-30.2731393,149.8032827,"(-30.2731393, 149.8032827)"
IMG_0117_1.tif,-30.273018399999998,149.8038564,"(-30.273018399999998, 149.8038564)"
IMG_0086_3.tif,-30.2728917,149.8038371,"(-30.2728917, 149.8038371)"
IMG_0030_6.tif,-30.2731647,149.8031085,"(-30.2731647, 149.8031085)"
IMG_0112_4.tif,-30.2729751,149.8033823,"(-30.2729751, 149.8033823)"
IMG_0116_4.tif,-30.2730066,149.80375500000002,"(-30.2730066, 149.80375500000002)"
IMG_0196_2.tif,-30.2728485,149.8029377,"(-30.2728485, 149.8029377)"
IMG_0184_3.tif,-30.2728199,149.802819,"(-30.2728199, 149.802819)"
IMG_0114_4.tif,-30.2729885,149.8035628,"(-30.2729885, 149.8035628)"
IMG_0164_5.tif,-30.2731484,149.8033938,"(-30.2731484, 149.8033938)"
IMG_0023_6.tif,-30.272906799999998,149.80296180000002,"(-30.272906799999998, 149.80296180000002)"
IMG_0047_1.tif,-30.272540799999998,149.803404,"(-30.272540799999998, 149.803404)"
IMG_0011_2.tif,-30.2728325,149.80292930000002,"(-30.2728325, 149.80292930000002)"
IMG_0039_5.tif,-30.2725437,149.8033968,"(-30.2725437, 149.8033968)"
IMG_0166_3.tif,-30.2731402,149.8032876,"(-30.2731402, 149.8032876)"
IMG_0165_6.tif,-30.273141499999998,149.80331950000001,"(-30.273141499999998, 149.80331950000001)"
IMG_0067_2.tif,-30.2728367,149.80391060000002,"(-30.2728367, 149.80391060000002)"
IMG_0145_4.tif,-30.273089,149.8033829,"(-30.273089, 149.8033829)"
IMG_0120_3.tif,-30.273042399999998,149.80407870000002,"(-30.273042399999998, 149.80407870000002)"
IMG_0002_5.tif,-30.272836599999998,149.80292930000002,"(-30.272836599999998, 149.80292930000002)"
IMG_0157_6.tif,-30.2732092,149.8039612,"(-30.2732092, 149.8039612)"
IMG_0051_2.tif,-30.2725407,149.80340360000002,"(-30.2725407, 149.80340360000002)"
IMG_0123_3.tif,-30.2730508,149.80407490000002,"(-30.2730508, 149.80407490000002)"
IMG_0020_6.tif,-30.272838099999998,149.80292010000002,"(-30.272838099999998, 149.80292010000002)"
IMG_0143_5.tif,-30.2730919,149.8033172,"(-30.2730919, 149.8033172)"
IMG_0136_5.tif,-30.2730317,149.8033598,"(-30.2730317, 149.8033598)"
IMG_0041_3.tif,-30.272551399999998,149.8033973,"(-30.272551399999998, 149.8033973)"
IMG_0007_3.tif,-30.272832599999997,149.80292880000002,"(-30.272832599999997, 149.80292880000002)"
IMG_0171_3.tif,-30.2731858,149.80324620000002,"(-30.2731858, 149.80324620000002)"
IMG_0190_6.tif,-30.2728344,149.8028792,"(-30.2728344, 149.8028792)"
IMG_0028_1.tif,-30.27309,149.80309450000001,"(-30.27309, 149.80309450000001)"
IMG_0030_1.tif,-30.2731647,149.8031085,"(-30.2731647, 149.8031085)"
IMG_0009_5.tif,-30.272832599999997,149.8029291,"(-30.272832599999997, 149.8029291)"
IMG_0016_4.tif,-30.2728342,149.8029252,"(-30.2728342, 149.8029252)"
IMG_0096_3.tif,-30.2729857,149.80412030000002,"(-30.2729857, 149.80412030000002)"
IMG_0157_4.tif,-30.2732092,149.8039612,"(-30.2732092, 149.8039612)"
IMG_0127_5.tif,-30.2730964,149.80404190000002,"(-30.2730964, 149.80404190000002)"
IMG_0126_6.tif,-30.2730972,149.80404090000002,"(-30.2730972, 149.80404090000002)"
IMG_0001_2.tif,-30.2728356,149.8029325,"(-30.2728356, 149.8029325)"
IMG_0129_2.tif,-30.273096499999998,149.8040372,"(-30.273096499999998, 149.8040372)"
IMG_0114_6.tif,-30.2729885,149.8035628,"(-30.2729885, 149.8035628)"
IMG_0165_4.tif,-30.273141499999998,149.80331950000001,"(-30.273141499999998, 149.80331950000001)"
IMG_0082_4.tif,-30.2728573,149.8034581,"(-30.2728573, 149.8034581)"
IMG_0103_5.tif,-30.2729288,149.8035739,"(-30.2729288, 149.8035739)"
IMG_0156_4.tif,-30.273210799999998,149.8039601,"(-30.273210799999998, 149.8039601)"
IMG_0130_5.tif,-30.273090999999997,149.8039774,"(-30.273090999999997, 149.8039774)"
IMG_0012_1.tif,-30.272832899999997,149.8029294,"(-30.272832899999997, 149.8029294)"
IMG_0042_6.tif,-30.272547199999998,149.8033958,"(-30.272547199999998, 149.8033958)"
IMG_0155_3.tif,-30.2732101,149.80396230000002,"(-30.2732101, 149.80396230000002)"
IMG_0011_1.tif,-30.2728325,149.80292930000002,"(-30.2728325, 149.80292930000002)"
IMG_0010_3.tif,-30.272832299999997,149.8029295,"(-30.272832299999997, 149.8029295)"
IMG_0184_1.tif,-30.2728199,149.802819,"(-30.2728199, 149.802819)"
IMG_0173_1.tif,-30.2731298,149.8030175,"(-30.2731298, 149.8030175)"
IMG_0145_6.tif,-30.273089,149.8033829,"(-30.273089, 149.8033829)"
IMG_0196_1.tif,-30.2728485,149.8029377,"(-30.2728485, 149.8029377)"
IMG_0009_2.tif,-30.272832599999997,149.8029291,"(-30.272832599999997, 149.8029291)"
IMG_0154_1.tif,-30.2731694,149.8039929,"(-30.2731694, 149.8039929)"
IMG_0024_6.tif,-30.2729516,149.8030026,"(-30.2729516, 149.8030026)"
IMG_0075_4.tif,-30.2727932,149.8034713,"(-30.2727932, 149.8034713)"
IMG_0193_2.tif,-30.2728441,149.80291580000002,"(-30.2728441, 149.80291580000002)"
IMG_0091_4.tif,-30.272919899999998,149.8040977,"(-30.272919899999998, 149.8040977)"
IMG_0062_2.tif,-30.2727692,149.8037619,"(-30.2727692, 149.8037619)"
IMG_0161_4.tif,-30.2731793,149.8036836,"(-30.2731793, 149.8036836)"
IMG_0080_3.tif,-30.2728605,149.8034402,"(-30.2728605, 149.8034402)"
IMG_0093_2.tif,-30.2729751,149.8041163,"(-30.2729751, 149.8041163)"
IMG_0181_1.tif,-30.272871,149.80271190000002,"(-30.272871, 149.80271190000002)"
IMG_0026_1.tif,-30.272997999999998,149.8030521,"(-30.272997999999998, 149.8030521)"
IMG_0153_1.tif,-30.2731559,149.8040032,"(-30.2731559, 149.8040032)"
IMG_0134_1.tif,-30.2730516,149.8035562,"(-30.2730516, 149.8035562)"
IMG_0153_6.tif,-30.2731559,149.8040032,"(-30.2731559, 149.8040032)"
IMG_0068_6.tif,-30.2728338,149.80390930000002,"(-30.2728338, 149.80390930000002)"
IMG_0191_5.tif,-30.2728324,149.8028787,"(-30.2728324, 149.8028787)"
IMG_0146_3.tif,-30.2731004,149.80350610000002,"(-30.2731004, 149.80350610000002)"
IMG_0156_6.tif,-30.273210799999998,149.8039601,"(-30.273210799999998, 149.8039601)"
IMG_0064_3.tif,-30.2728315,149.8039036,"(-30.2728315, 149.8039036)"
IMG_0127_2.tif,-30.2730964,149.80404190000002,"(-30.2730964, 149.80404190000002)"
IMG_0039_2.tif,-30.2725437,149.8033968,"(-30.2725437, 149.8033968)"
IMG_0094_3.tif,-30.2729875,149.80411980000002,"(-30.2729875, 149.80411980000002)"
IMG_0104_1.tif,-30.2729174,149.80345530000002,"(-30.2729174, 149.80345530000002)"
IMG_0148_4.tif,-30.2731204,149.8037045,"(-30.2731204, 149.8037045)"
IMG_0058_1.tif,-30.2727409,149.8035819,"(-30.2727409, 149.8035819)"
IMG_0142_5.tif,-30.2730922,149.8033149,"(-30.2730922, 149.8033149)"
IMG_0148_3.tif,-30.2731204,149.8037045,"(-30.2731204, 149.8037045)"
IMG_0105_5.tif,-30.2729143,149.80341900000002,"(-30.2729143, 149.80341900000002)"
IMG_0066_4.tif,-30.2728374,149.80391070000002,"(-30.2728374, 149.80391070000002)"
IMG_0054_3.tif,-30.272726499999997,149.8034997,"(-30.272726499999997, 149.8034997)"
IMG_0054_6.tif,-30.272726499999997,149.8034997,"(-30.272726499999997, 149.8034997)"
IMG_0180_2.tif,-30.272911699999998,149.80270000000002,"(-30.272911699999998, 149.80270000000002)"
IMG_0033_1.tif,-30.2730149,149.80324480000002,"(-30.2730149, 149.80324480000002)"
IMG_0154_6.tif,-30.2731694,149.8039929,"(-30.2731694, 149.8039929)"
IMG_0091_3.tif,-30.272919899999998,149.8040977,"(-30.272919899999998, 149.8040977)"
IMG_0092_4.tif,-30.2729563,149.8041096,"(-30.2729563, 149.8041096)"
IMG_0092_6.tif,-30.2729563,149.8041096,"(-30.2729563, 149.8041096)"
IMG_0065_3.tif,-30.272835099999998,149.8039139,"(-30.272835099999998, 149.8039139)"
IMG_0012_2.tif,-30.272832899999997,149.8029294,"(-30.272832899999997, 149.8029294)"
IMG_0043_2.tif,-30.2725446,149.80339650000002,"(-30.2725446, 149.80339650000002)"
IMG_0008_1.tif,-30.272832599999997,149.802929,"(-30.272832599999997, 149.802929)"
IMG_0180_6.tif,-30.272911699999998,149.80270000000002,"(-30.272911699999998, 149.80270000000002)"
IMG_0172_5.tif,-30.2731469,149.80308770000002,"(-30.2731469, 149.80308770000002)"
IMG_0175_1.tif,-30.273066099999998,149.80270610000002,"(-30.273066099999998, 149.80270610000002)"
IMG_0170_1.tif,-30.2731872,149.8032714,"(-30.2731872, 149.8032714)"
IMG_0082_5.tif,-30.2728573,149.8034581,"(-30.2728573, 149.8034581)"
IMG_0000_6.tif,-30.272835399999998,149.80293260000002,"(-30.272835399999998, 149.80293260000002)"
IMG_0091_2.tif,-30.272919899999998,149.8040977,"(-30.272919899999998, 149.8040977)"
IMG_0063_3.tif,-30.272805599999998,149.8038458,"(-30.272805599999998, 149.8038458)"
IMG_0140_1.tif,-30.2730796,149.8033158,"(-30.2730796, 149.8033158)"
IMG_0023_5.tif,-30.272906799999998,149.80296180000002,"(-30.272906799999998, 149.80296180000002)"
IMG_0121_1.tif,-30.2730411,149.8040831,"(-30.2730411, 149.8040831)"
IMG_0101_5.tif,-30.2729508,149.80377180000002,"(-30.2729508, 149.80377180000002)"
IMG_0179_4.tif,-30.2729441,149.8026845,"(-30.2729441, 149.8026845)"
IMG_0027_6.tif,-30.273035,149.8030718,"(-30.273035, 149.8030718)"
IMG_0142_3.tif,-30.2730922,149.8033149,"(-30.2730922, 149.8033149)"
IMG_0028_4.tif,-30.27309,149.80309450000001,"(-30.27309, 149.80309450000001)"
IMG_0102_4.tif,-30.2729395,149.80366740000002,"(-30.2729395, 149.80366740000002)"
IMG_0016_3.tif,-30.2728342,149.8029252,"(-30.2728342, 149.8029252)"
IMG_0176_5.tif,-30.2730495,149.8026522,"(-30.2730495, 149.8026522)"
IMG_0013_3.tif,-30.272832899999997,149.8029294,"(-30.272832899999997, 149.8029294)"
IMG_0138_2.tif,-30.2730289,149.8033408,"(-30.2730289, 149.8033408)"
IMG_0004_1.tif,-30.272833499999997,149.8029276,"(-30.272833499999997, 149.8029276)"
IMG_0135_2.tif,-30.273042,149.8034638,"(-30.273042, 149.8034638)"
IMG_0129_5.tif,-30.273096499999998,149.8040372,"(-30.273096499999998, 149.8040372)"
IMG_0058_2.tif,-30.2727409,149.8035819,"(-30.2727409, 149.8035819)"
IMG_0131_4.tif,-30.273078599999998,149.8038507,"(-30.273078599999998, 149.8038507)"
IMG_0060_1.tif,-30.2727517,149.80371770000002,"(-30.2727517, 149.80371770000002)"
IMG_0058_5.tif,-30.2727409,149.8035819,"(-30.2727409, 149.8035819)"
IMG_0109_6.tif,-30.2729754,149.8033741,"(-30.2729754, 149.8033741)"
IMG_0113_5.tif,-30.2729787,149.80345820000002,"(-30.2729787, 149.80345820000002)"
IMG_0023_1.tif,-30.272906799999998,149.80296180000002,"(-30.272906799999998, 149.80296180000002)"
IMG_0003_6.tif,-30.2728336,149.8029275,"(-30.2728336, 149.8029275)"
IMG_0079_5.tif,-30.2728583,149.8034404,"(-30.2728583, 149.8034404)"
IMG_0197_5.tif,-30.2728444,149.8029404,"(-30.2728444, 149.8029404)"
IMG_0043_3.tif,-30.2725446,149.80339650000002,"(-30.2725446, 149.80339650000002)"
IMG_0086_1.tif,-30.2728917,149.8038371,"(-30.2728917, 149.8038371)"
IMG_0017_4.tif,-30.2728359,149.8029281,"(-30.2728359, 149.8029281)"
IMG_0079_3.tif,-30.2728583,149.8034404,"(-30.2728583, 149.8034404)"
IMG_0075_6.tif,-30.2727932,149.8034713,"(-30.2727932, 149.8034713)"
IMG_0121_6.tif,-30.2730411,149.8040831,"(-30.2730411, 149.8040831)"
IMG_0177_5.tif,-30.2730273,149.80265020000002,"(-30.2730273, 149.80265020000002)"
IMG_0037_1.tif,-30.272630799999998,149.8033656,"(-30.272630799999998, 149.8033656)"
IMG_0092_5.tif,-30.2729563,149.8041096,"(-30.2729563, 149.8041096)"
IMG_0144_3.tif,-30.2730861,149.8033216,"(-30.2730861, 149.8033216)"
IMG_0151_2.tif,-30.2731496,149.8039808,"(-30.2731496, 149.8039808)"
IMG_0032_1.tif,-30.273096499999998,149.80321880000002,"(-30.273096499999998, 149.80321880000002)"
IMG_0055_5.tif,-30.2727389,149.8035097,"(-30.2727389, 149.8035097)"
IMG_0020_4.tif,-30.272838099999998,149.80292010000002,"(-30.272838099999998, 149.80292010000002)"
IMG_0000_2.tif,-30.272835399999998,149.80293260000002,"(-30.272835399999998, 149.80293260000002)"
IMG_0152_5.tif,-30.273154899999998,149.8040034,"(-30.273154899999998, 149.8040034)"
IMG_0010_6.tif,-30.272832299999997,149.8029295,"(-30.272832299999997, 149.8029295)"
IMG_0008_2.tif,-30.272832599999997,149.802929,"(-30.272832599999997, 149.802929)"
IMG_0012_5.tif,-30.272832899999997,149.8029294,"(-30.272832899999997, 149.8029294)"
IMG_0132_6.tif,-30.2730709,149.8037645,"(-30.2730709, 149.8037645)"
IMG_0004_6.tif,-30.272833499999997,149.8029276,"(-30.272833499999997, 149.8029276)"
IMG_0026_2.tif,-30.272997999999998,149.8030521,"(-30.272997999999998, 149.8030521)"
IMG_0191_2.tif,-30.2728324,149.8028787,"(-30.2728324, 149.8028787)"
IMG_0199_4.tif,-30.2728368,149.80293550000002,"(-30.2728368, 149.80293550000002)"
IMG_0166_6.tif,-30.2731402,149.8032876,"(-30.2731402, 149.8032876)"
IMG_0046_2.tif,-30.2725419,149.803404,"(-30.2725419, 149.803404)"
IMG_0158_4.tif,-30.273208999999998,149.8039589,"(-30.273208999999998, 149.8039589)"
IMG_0091_5.tif,-30.272919899999998,149.8040977,"(-30.272919899999998, 149.8040977)"
IMG_0021_1.tif,-30.2728421,149.8029214,"(-30.2728421, 149.8029214)"
IMG_0025_1.tif,-30.2729769,149.8030292,"(-30.2729769, 149.8030292)"
IMG_0064_1.tif,-30.2728315,149.8039036,"(-30.2728315, 149.8039036)"
IMG_0155_1.tif,-30.2732101,149.80396230000002,"(-30.2732101, 149.80396230000002)"
IMG_0139_2.tif,-30.2730382,149.80333850000002,"(-30.2730382, 149.80333850000002)"
IMG_0117_5.tif,-30.273018399999998,149.8038564,"(-30.273018399999998, 149.8038564)"
IMG_0118_1.tif,-30.273026599999998,149.8039558,"(-30.273026599999998, 149.8039558)"
IMG_0146_2.tif,-30.2731004,149.80350610000002,"(-30.2731004, 149.80350610000002)"
IMG_0091_6.tif,-30.272919899999998,149.8040977,"(-30.272919899999998, 149.8040977)"
IMG_0137_5.tif,-30.273029899999997,149.80334190000002,"(-30.273029899999997, 149.80334190000002)"
IMG_0193_1.tif,-30.2728441,149.80291580000002,"(-30.2728441, 149.80291580000002)"
IMG_0159_2.tif,-30.2732034,149.8039223,"(-30.2732034, 149.8039223)"
IMG_0028_3.tif,-30.27309,149.80309450000001,"(-30.27309, 149.80309450000001)"
IMG_0064_4.tif,-30.2728315,149.8039036,"(-30.2728315, 149.8039036)"
IMG_0021_4.tif,-30.2728421,149.8029214,"(-30.2728421, 149.8029214)"
IMG_0195_2.tif,-30.2728449,149.80293170000002,"(-30.2728449, 149.80293170000002)"
IMG_0019_4.tif,-30.272835699999998,149.8029265,"(-30.272835699999998, 149.8029265)"
IMG_0190_5.tif,-30.2728344,149.8028792,"(-30.2728344, 149.8028792)"
IMG_0008_5.tif,-30.272832599999997,149.802929,"(-30.272832599999997, 149.802929)"
IMG_0055_1.tif,-30.2727389,149.8035097,"(-30.2727389, 149.8035097)"
IMG_0098_6.tif,-30.2729771,149.80406440000002,"(-30.2729771, 149.80406440000002)"
IMG_0072_5.tif,-30.2728039,149.80360470000002,"(-30.2728039, 149.80360470000002)"
IMG_0055_3.tif,-30.2727389,149.8035097,"(-30.2727389, 149.8035097)"
IMG_0098_4.tif,-30.2729771,149.80406440000002,"(-30.2729771, 149.80406440000002)"
IMG_0062_1.tif,-30.2727692,149.8037619,"(-30.2727692, 149.8037619)"
IMG_0014_5.tif,-30.2728355,149.8029257,"(-30.2728355, 149.8029257)"
IMG_0101_6.tif,-30.2729508,149.80377180000002,"(-30.2729508, 149.80377180000002)"
IMG_0039_1.tif,-30.2725437,149.8033968,"(-30.2725437, 149.8033968)"
IMG_0070_4.tif,-30.2728204,149.8038208,"(-30.2728204, 149.8038208)"
IMG_0109_2.tif,-30.2729754,149.8033741,"(-30.2729754, 149.8033741)"
IMG_0016_2.tif,-30.2728342,149.8029252,"(-30.2728342, 149.8029252)"
IMG_0194_6.tif,-30.2728449,149.80293310000002,"(-30.2728449, 149.80293310000002)"
IMG_0198_1.tif,-30.2728398,149.80293830000002,"(-30.2728398, 149.80293830000002)"
IMG_0199_3.tif,-30.2728368,149.80293550000002,"(-30.2728368, 149.80293550000002)"
IMG_0038_5.tif,-30.2725661,149.80338600000002,"(-30.2725661, 149.80338600000002)"
IMG_0102_5.tif,-30.2729395,149.80366740000002,"(-30.2729395, 149.80366740000002)"
IMG_0145_2.tif,-30.273089,149.8033829,"(-30.273089, 149.8033829)"
IMG_0102_2.tif,-30.2729395,149.80366740000002,"(-30.2729395, 149.80366740000002)"
IMG_0135_6.tif,-30.273042,149.8034638,"(-30.273042, 149.8034638)"
IMG_0121_2.tif,-30.2730411,149.8040831,"(-30.2730411, 149.8040831)"
IMG_0014_6.tif,-30.2728355,149.8029257,"(-30.2728355, 149.8029257)"
IMG_0192_3.tif,-30.2728338,149.80288320000002,"(-30.2728338, 149.80288320000002)"
IMG_0134_6.tif,-30.2730516,149.8035562,"(-30.2730516, 149.8035562)"
IMG_0058_4.tif,-30.2727409,149.8035819,"(-30.2727409, 149.8035819)"
IMG_0137_4.tif,-30.273029899999997,149.80334190000002,"(-30.273029899999997, 149.80334190000002)"
IMG_0095_6.tif,-30.2729864,149.8041183,"(-30.2729864, 149.8041183)"
IMG_0189_1.tif,-30.2728263,149.8028567,"(-30.2728263, 149.8028567)"
IMG_0113_4.tif,-30.2729787,149.80345820000002,"(-30.2729787, 149.80345820000002)"
IMG_0173_6.tif,-30.2731298,149.8030175,"(-30.2731298, 149.8030175)"
IMG_0032_2.tif,-30.273096499999998,149.80321880000002,"(-30.273096499999998, 149.80321880000002)"
IMG_0148_1.tif,-30.2731204,149.8037045,"(-30.2731204, 149.8037045)"
IMG_0003_4.tif,-30.2728336,149.8029275,"(-30.2728336, 149.8029275)"
IMG_0132_1.tif,-30.2730709,149.8037645,"(-30.2730709, 149.8037645)"
IMG_0190_2.tif,-30.2728344,149.8028792,"(-30.2728344, 149.8028792)"
IMG_0008_3.tif,-30.272832599999997,149.802929,"(-30.272832599999997, 149.802929)"
IMG_0171_6.tif,-30.2731858,149.80324620000002,"(-30.2731858, 149.80324620000002)"
IMG_0165_2.tif,-30.273141499999998,149.80331950000001,"(-30.273141499999998, 149.80331950000001)"
IMG_0029_5.tif,-30.2731347,149.8031024,"(-30.2731347, 149.8031024)"
IMG_0167_4.tif,-30.2731393,149.8032827,"(-30.2731393, 149.8032827)"
IMG_0183_1.tif,-30.2728158,149.8027601,"(-30.2728158, 149.8027601)"
IMG_0185_3.tif,-30.2728279,149.80283500000002,"(-30.2728279, 149.80283500000002)"
IMG_0090_4.tif,-30.272920199999998,149.80409500000002,"(-30.272920199999998, 149.80409500000002)"
IMG_0084_6.tif,-30.272869399999998,149.80363780000002,"(-30.272869399999998, 149.80363780000002)"
IMG_0167_3.tif,-30.2731393,149.8032827,"(-30.2731393, 149.8032827)"
IMG_0067_3.tif,-30.2728367,149.80391060000002,"(-30.2728367, 149.80391060000002)"
IMG_0055_2.tif,-30.2727389,149.8035097,"(-30.2727389, 149.8035097)"
IMG_0077_5.tif,-30.272805899999998,149.80346870000002,"(-30.272805899999998, 149.80346870000002)"
IMG_0018_6.tif,-30.2728377,149.8029309,"(-30.2728377, 149.8029309)"
IMG_0177_4.tif,-30.2730273,149.80265020000002,"(-30.2730273, 149.80265020000002)"
IMG_0059_2.tif,-30.2727465,149.8036836,"(-30.2727465, 149.8036836)"
IMG_0005_5.tif,-30.2728331,149.8029286,"(-30.2728331, 149.8029286)"
IMG_0069_5.tif,-30.27283,149.80389430000002,"(-30.27283, 149.80389430000002)"
IMG_0179_6.tif,-30.2729441,149.8026845,"(-30.2729441, 149.8026845)"
IMG_0056_3.tif,-30.272745099999998,149.8035103,"(-30.272745099999998, 149.8035103)"
IMG_0004_3.tif,-30.272833499999997,149.8029276,"(-30.272833499999997, 149.8029276)"
IMG_0121_5.tif,-30.2730411,149.8040831,"(-30.2730411, 149.8040831)"
IMG_0048_5.tif,-30.2725412,149.8034025,"(-30.2725412, 149.8034025)"
IMG_0151_4.tif,-30.2731496,149.8039808,"(-30.2731496, 149.8039808)"
IMG_0006_2.tif,-30.2728328,149.8029285,"(-30.2728328, 149.8029285)"
IMG_0104_3.tif,-30.2729174,149.80345530000002,"(-30.2729174, 149.80345530000002)"
IMG_0103_4.tif,-30.2729288,149.8035739,"(-30.2729288, 149.8035739)"
IMG_0124_4.tif,-30.2730923,149.80404190000002,"(-30.2730923, 149.80404190000002)"
IMG_0144_4.tif,-30.2730861,149.8033216,"(-30.2730861, 149.8033216)"
IMG_0088_3.tif,-30.2729115,149.8040249,"(-30.2729115, 149.8040249)"
IMG_0180_5.tif,-30.272911699999998,149.80270000000002,"(-30.272911699999998, 149.80270000000002)"
IMG_0037_4.tif,-30.272630799999998,149.8033656,"(-30.272630799999998, 149.8033656)"
IMG_0076_1.tif,-30.2727935,149.80347410000002,"(-30.2727935, 149.80347410000002)"
IMG_0027_2.tif,-30.273035,149.8030718,"(-30.273035, 149.8030718)"
IMG_0104_6.tif,-30.2729174,149.80345530000002,"(-30.2729174, 149.80345530000002)"
IMG_0153_2.tif,-30.2731559,149.8040032,"(-30.2731559, 149.8040032)"
IMG_0025_3.tif,-30.2729769,149.8030292,"(-30.2729769, 149.8030292)"
IMG_0006_3.tif,-30.2728328,149.8029285,"(-30.2728328, 149.8029285)"
IMG_0172_2.tif,-30.2731469,149.80308770000002,"(-30.2731469, 149.80308770000002)"
IMG_0136_3.tif,-30.2730317,149.8033598,"(-30.2730317, 149.8033598)"
IMG_0095_2.tif,-30.2729864,149.8041183,"(-30.2729864, 149.8041183)"
IMG_0059_1.tif,-30.2727465,149.8036836,"(-30.2727465, 149.8036836)"
IMG_0044_1.tif,-30.272544099999998,149.80339840000002,"(-30.272544099999998, 149.80339840000002)"
IMG_0063_6.tif,-30.272805599999998,149.8038458,"(-30.272805599999998, 149.8038458)"
IMG_0179_3.tif,-30.2729441,149.8026845,"(-30.2729441, 149.8026845)"
IMG_0071_5.tif,-30.2728108,149.8037047,"(-30.2728108, 149.8037047)"
IMG_0033_2.tif,-30.2730149,149.80324480000002,"(-30.2730149, 149.80324480000002)"
IMG_0054_2.tif,-30.272726499999997,149.8034997,"(-30.272726499999997, 149.8034997)"
IMG_0160_4.tif,-30.2731903,149.80381500000001,"(-30.2731903, 149.80381500000001)"
IMG_0143_4.tif,-30.2730919,149.8033172,"(-30.2730919, 149.8033172)"
IMG_0120_5.tif,-30.273042399999998,149.80407870000002,"(-30.273042399999998, 149.80407870000002)"
IMG_0068_4.tif,-30.2728338,149.80390930000002,"(-30.2728338, 149.80390930000002)"
IMG_0183_3.tif,-30.2728158,149.8027601,"(-30.2728158, 149.8027601)"
IMG_0001_5.tif,-30.2728356,149.8029325,"(-30.2728356, 149.8029325)"
IMG_0088_4.tif,-30.2729115,149.8040249,"(-30.2729115, 149.8040249)"
IMG_0045_2.tif,-30.2725428,149.80340170000002,"(-30.2725428, 149.80340170000002)"
IMG_0150_5.tif,-30.2731469,149.8039166,"(-30.2731469, 149.8039166)"
IMG_0002_4.tif,-30.272836599999998,149.80292930000002,"(-30.272836599999998, 149.80292930000002)"
IMG_0053_3.tif,-30.2726303,149.80344670000002,"(-30.2726303, 149.80344670000002)"
IMG_0144_6.tif,-30.2730861,149.8033216,"(-30.2730861, 149.8033216)"
IMG_0060_3.tif,-30.2727517,149.80371770000002,"(-30.2727517, 149.80371770000002)"
IMG_0138_3.tif,-30.2730289,149.8033408,"(-30.2730289, 149.8033408)"
IMG_0078_2.tif,-30.272841099999997,149.8034464,"(-30.272841099999997, 149.8034464)"
IMG_0138_4.tif,-30.2730289,149.8033408,"(-30.2730289, 149.8033408)"
IMG_0198_5.tif,-30.2728398,149.80293830000002,"(-30.2728398, 149.80293830000002)"
IMG_0077_4.tif,-30.272805899999998,149.80346870000002,"(-30.272805899999998, 149.80346870000002)"
IMG_0048_2.tif,-30.2725412,149.8034025,"(-30.2725412, 149.8034025)"
IMG_0096_5.tif,-30.2729857,149.80412030000002,"(-30.2729857, 149.80412030000002)"
IMG_0160_5.tif,-30.2731903,149.80381500000001,"(-30.2731903, 149.80381500000001)"
IMG_0166_2.tif,-30.2731402,149.8032876,"(-30.2731402, 149.8032876)"
IMG_0169_4.tif,-30.273178899999998,149.80326300000002,"(-30.273178899999998, 149.80326300000002)"
IMG_0003_3.tif,-30.2728336,149.8029275,"(-30.2728336, 149.8029275)"
IMG_0107_6.tif,-30.2729219,149.803403,"(-30.2729219, 149.803403)"
IMG_0183_2.tif,-30.2728158,149.8027601,"(-30.2728158, 149.8027601)"
IMG_0176_2.tif,-30.2730495,149.8026522,"(-30.2730495, 149.8026522)"
IMG_0174_4.tif,-30.273094099999998,149.802849,"(-30.273094099999998, 149.802849)"
IMG_0045_6.tif,-30.2725428,149.80340170000002,"(-30.2725428, 149.80340170000002)"
IMG_0025_6.tif,-30.2729769,149.8030292,"(-30.2729769, 149.8030292)"
IMG_0170_5.tif,-30.2731872,149.8032714,"(-30.2731872, 149.8032714)"
IMG_0120_2.tif,-30.273042399999998,149.80407870000002,"(-30.273042399999998, 149.80407870000002)"
IMG_0054_1.tif,-30.272726499999997,149.8034997,"(-30.272726499999997, 149.8034997)"
IMG_0031_6.tif,-30.2731556,149.80317050000002,"(-30.2731556, 149.80317050000002)"
IMG_0115_4.tif,-30.272998599999998,149.803664,"(-30.272998599999998, 149.803664)"
IMG_0195_3.tif,-30.2728449,149.80293170000002,"(-30.2728449, 149.80293170000002)"
IMG_0051_3.tif,-30.2725407,149.80340360000002,"(-30.2725407, 149.80340360000002)"
IMG_0070_1.tif,-30.2728204,149.8038208,"(-30.2728204, 149.8038208)"
IMG_0187_5.tif,-30.2728179,149.8028352,"(-30.2728179, 149.8028352)"
IMG_0181_3.tif,-30.272871,149.80271190000002,"(-30.272871, 149.80271190000002)"
IMG_0059_5.tif,-30.2727465,149.8036836,"(-30.2727465, 149.8036836)"
IMG_0189_2.tif,-30.2728263,149.8028567,"(-30.2728263, 149.8028567)"
IMG_0135_3.tif,-30.273042,149.8034638,"(-30.273042, 149.8034638)"
IMG_0123_2.tif,-30.2730508,149.80407490000002,"(-30.2730508, 149.80407490000002)"
IMG_0116_6.tif,-30.2730066,149.80375500000002,"(-30.2730066, 149.80375500000002)"
IMG_0116_2.tif,-30.2730066,149.80375500000002,"(-30.2730066, 149.80375500000002)"
IMG_0099_1.tif,-30.2729659,149.80395000000001,"(-30.2729659, 149.80395000000001)"
IMG_0170_4.tif,-30.2731872,149.8032714,"(-30.2731872, 149.8032714)"
IMG_0058_6.tif,-30.2727409,149.8035819,"(-30.2727409, 149.8035819)"
IMG_0103_1.tif,-30.2729288,149.8035739,"(-30.2729288, 149.8035739)"
IMG_0178_5.tif,-30.2729856,149.80266790000002,"(-30.2729856, 149.80266790000002)"
IMG_0120_6.tif,-30.273042399999998,149.80407870000002,"(-30.273042399999998, 149.80407870000002)"
IMG_0049_5.tif,-30.27254,149.80340180000002,"(-30.27254, 149.80340180000002)"
IMG_0044_6.tif,-30.272544099999998,149.80339840000002,"(-30.272544099999998, 149.80339840000002)"
IMG_0025_4.tif,-30.2729769,149.8030292,"(-30.2729769, 149.8030292)"
IMG_0062_3.tif,-30.2727692,149.8037619,"(-30.2727692, 149.8037619)"
IMG_0118_5.tif,-30.273026599999998,149.8039558,"(-30.273026599999998, 149.8039558)"
IMG_0060_2.tif,-30.2727517,149.80371770000002,"(-30.2727517, 149.80371770000002)"
IMG_0175_2.tif,-30.273066099999998,149.80270610000002,"(-30.273066099999998, 149.80270610000002)"
IMG_0002_1.tif,-30.272836599999998,149.80292930000002,"(-30.272836599999998, 149.80292930000002)"
IMG_0139_6.tif,-30.2730382,149.80333850000002,"(-30.2730382, 149.80333850000002)"
IMG_0113_3.tif,-30.2729787,149.80345820000002,"(-30.2729787, 149.80345820000002)"
IMG_0122_4.tif,-30.2730413,149.8040789,"(-30.2730413, 149.8040789)"
IMG_0042_1.tif,-30.272547199999998,149.8033958,"(-30.272547199999998, 149.8033958)"
IMG_0156_2.tif,-30.273210799999998,149.8039601,"(-30.273210799999998, 149.8039601)"
IMG_0157_1.tif,-30.2732092,149.8039612,"(-30.2732092, 149.8039612)"
IMG_0017_1.tif,-30.2728359,149.8029281,"(-30.2728359, 149.8029281)"
IMG_0083_4.tif,-30.2728616,149.8035241,"(-30.2728616, 149.8035241)"
IMG_0127_6.tif,-30.2730964,149.80404190000002,"(-30.2730964, 149.80404190000002)"
IMG_0079_6.tif,-30.2728583,149.8034404,"(-30.2728583, 149.8034404)"
IMG_0088_5.tif,-30.2729115,149.8040249,"(-30.2729115, 149.8040249)"
IMG_0133_1.tif,-30.2730596,149.8036442,"(-30.2730596, 149.8036442)"
IMG_0026_4.tif,-30.272997999999998,149.8030521,"(-30.272997999999998, 149.8030521)"
IMG_0057_4.tif,-30.272746599999998,149.8035141,"(-30.272746599999998, 149.8035141)"
IMG_0125_1.tif,-30.2730994,149.8040381,"(-30.2730994, 149.8040381)"
IMG_0130_4.tif,-30.273090999999997,149.8039774,"(-30.273090999999997, 149.8039774)"
IMG_0107_1.tif,-30.2729219,149.803403,"(-30.2729219, 149.803403)"
IMG_0149_6.tif,-30.2731341,149.8038007,"(-30.2731341, 149.8038007)"
IMG_0161_3.tif,-30.2731793,149.8036836,"(-30.2731793, 149.8036836)"
IMG_0136_6.tif,-30.2730317,149.8033598,"(-30.2730317, 149.8033598)"
IMG_0060_4.tif,-30.2727517,149.80371770000002,"(-30.2727517, 149.80371770000002)"
IMG_0144_1.tif,-30.2730861,149.8033216,"(-30.2730861, 149.8033216)"
IMG_0049_6.tif,-30.27254,149.80340180000002,"(-30.27254, 149.80340180000002)"
IMG_0110_3.tif,-30.2729783,149.80337450000002,"(-30.2729783, 149.80337450000002)"
IMG_0139_3.tif,-30.2730382,149.80333850000002,"(-30.2730382, 149.80333850000002)"
IMG_0186_5.tif,-30.2728263,149.80283540000002,"(-30.2728263, 149.80283540000002)"
IMG_0062_5.tif,-30.2727692,149.8037619,"(-30.2727692, 149.8037619)"
IMG_0068_3.tif,-30.2728338,149.80390930000002,"(-30.2728338, 149.80390930000002)"
IMG_0064_2.tif,-30.2728315,149.8039036,"(-30.2728315, 149.8039036)"
IMG_0093_5.tif,-30.2729751,149.8041163,"(-30.2729751, 149.8041163)"
IMG_0118_6.tif,-30.273026599999998,149.8039558,"(-30.273026599999998, 149.8039558)"
IMG_0111_4.tif,-30.272979499999998,149.803377,"(-30.272979499999998, 149.803377)"
IMG_0177_6.tif,-30.2730273,149.80265020000002,"(-30.2730273, 149.80265020000002)"
IMG_0078_5.tif,-30.272841099999997,149.8034464,"(-30.272841099999997, 149.8034464)"
IMG_0001_4.tif,-30.2728356,149.8029325,"(-30.2728356, 149.8029325)"
IMG_0049_1.tif,-30.27254,149.80340180000002,"(-30.27254, 149.80340180000002)"
IMG_0105_1.tif,-30.2729143,149.80341900000002,"(-30.2729143, 149.80341900000002)"
IMG_0192_5.tif,-30.2728338,149.80288320000002,"(-30.2728338, 149.80288320000002)"
IMG_0177_3.tif,-30.2730273,149.80265020000002,"(-30.2730273, 149.80265020000002)"
IMG_0070_2.tif,-30.2728204,149.8038208,"(-30.2728204, 149.8038208)"
IMG_0053_6.tif,-30.2726303,149.80344670000002,"(-30.2726303, 149.80344670000002)"
IMG_0185_4.tif,-30.2728279,149.80283500000002,"(-30.2728279, 149.80283500000002)"
IMG_0124_3.tif,-30.2730923,149.80404190000002,"(-30.2730923, 149.80404190000002)"
IMG_0066_6.tif,-30.2728374,149.80391070000002,"(-30.2728374, 149.80391070000002)"
IMG_0125_6.tif,-30.2730994,149.8040381,"(-30.2730994, 149.8040381)"
IMG_0086_4.tif,-30.2728917,149.8038371,"(-30.2728917, 149.8038371)"
IMG_0039_4.tif,-30.2725437,149.8033968,"(-30.2725437, 149.8033968)"
IMG_0152_3.tif,-30.273154899999998,149.8040034,"(-30.273154899999998, 149.8040034)"
IMG_0109_4.tif,-30.2729754,149.8033741,"(-30.2729754, 149.8033741)"
IMG_0022_5.tif,-30.2728592,149.80292980000002,"(-30.2728592, 149.80292980000002)"
IMG_0187_2.tif,-30.2728179,149.8028352,"(-30.2728179, 149.8028352)"
IMG_0034_1.tif,-30.272935699999998,149.80326490000002,"(-30.272935699999998, 149.80326490000002)"
IMG_0015_3.tif,-30.2728352,149.80292490000002,"(-30.2728352, 149.80292490000002)"
IMG_0118_2.tif,-30.273026599999998,149.8039558,"(-30.273026599999998, 149.8039558)"
IMG_0037_2.tif,-30.272630799999998,149.8033656,"(-30.272630799999998, 149.8033656)"
IMG_0105_4.tif,-30.2729143,149.80341900000002,"(-30.2729143, 149.80341900000002)"
IMG_0049_4.tif,-30.27254,149.80340180000002,"(-30.27254, 149.80340180000002)"
IMG_0114_5.tif,-30.2729885,149.8035628,"(-30.2729885, 149.8035628)"
IMG_0100_6.tif,-30.272959399999998,149.80386190000002,"(-30.272959399999998, 149.80386190000002)"
IMG_0031_1.tif,-30.2731556,149.80317050000002,"(-30.2731556, 149.80317050000002)"
IMG_0070_5.tif,-30.2728204,149.8038208,"(-30.2728204, 149.8038208)"
IMG_0077_1.tif,-30.272805899999998,149.80346870000002,"(-30.272805899999998, 149.80346870000002)"
IMG_0062_6.tif,-30.2727692,149.8037619,"(-30.2727692, 149.8037619)"
IMG_0090_3.tif,-30.272920199999998,149.80409500000002,"(-30.272920199999998, 149.80409500000002)"
IMG_0122_2.tif,-30.2730413,149.8040789,"(-30.2730413, 149.8040789)"
IMG_0190_3.tif,-30.2728344,149.8028792,"(-30.2728344, 149.8028792)"
IMG_0137_3.tif,-30.273029899999997,149.80334190000002,"(-30.273029899999997, 149.80334190000002)"
IMG_0022_3.tif,-30.2728592,149.80292980000002,"(-30.2728592, 149.80292980000002)"
IMG_0180_4.tif,-30.272911699999998,149.80270000000002,"(-30.272911699999998, 149.80270000000002)"
IMG_0137_2.tif,-30.273029899999997,149.80334190000002,"(-30.273029899999997, 149.80334190000002)"
IMG_0001_6.tif,-30.2728356,149.8029325,"(-30.2728356, 149.8029325)"
IMG_0134_4.tif,-30.2730516,149.8035562,"(-30.2730516, 149.8035562)"
IMG_0044_2.tif,-30.272544099999998,149.80339840000002,"(-30.272544099999998, 149.80339840000002)"
IMG_0101_4.tif,-30.2729508,149.80377180000002,"(-30.2729508, 149.80377180000002)"
IMG_0149_4.tif,-30.2731341,149.8038007,"(-30.2731341, 149.8038007)"
IMG_0027_1.tif,-30.273035,149.8030718,"(-30.273035, 149.8030718)"
IMG_0185_2.tif,-30.2728279,149.80283500000002,"(-30.2728279, 149.80283500000002)"
IMG_0121_4.tif,-30.2730411,149.8040831,"(-30.2730411, 149.8040831)"
IMG_0007_5.tif,-30.272832599999997,149.80292880000002,"(-30.272832599999997, 149.80292880000002)"
IMG_0170_6.tif,-30.2731872,149.8032714,"(-30.2731872, 149.8032714)"
IMG_0017_5.tif,-30.2728359,149.8029281,"(-30.2728359, 149.8029281)"
IMG_0009_1.tif,-30.272832599999997,149.8029291,"(-30.272832599999997, 149.8029291)"
IMG_0133_4.tif,-30.2730596,149.8036442,"(-30.2730596, 149.8036442)"
IMG_0037_5.tif,-30.272630799999998,149.8033656,"(-30.272630799999998, 149.8033656)"
IMG_0074_6.tif,-30.2727909,149.8034761,"(-30.2727909, 149.8034761)"
IMG_0156_1.tif,-30.273210799999998,149.8039601,"(-30.273210799999998, 149.8039601)"
IMG_0151_1.tif,-30.2731496,149.8039808,"(-30.2731496, 149.8039808)"
IMG_0177_2.tif,-30.2730273,149.80265020000002,"(-30.2730273, 149.80265020000002)"
IMG_0089_2.tif,-30.2729172,149.80408070000001,"(-30.2729172, 149.80408070000001)"
IMG_0195_1.tif,-30.2728449,149.80293170000002,"(-30.2728449, 149.80293170000002)"
IMG_0002_2.tif,-30.272836599999998,149.80292930000002,"(-30.272836599999998, 149.80292930000002)"
IMG_0198_2.tif,-30.2728398,149.80293830000002,"(-30.2728398, 149.80293830000002)"
IMG_0098_1.tif,-30.2729771,149.80406440000002,"(-30.2729771, 149.80406440000002)"
IMG_0172_4.tif,-30.2731469,149.80308770000002,"(-30.2731469, 149.80308770000002)"
IMG_0071_2.tif,-30.2728108,149.8037047,"(-30.2728108, 149.8037047)"
IMG_0093_1.tif,-30.2729751,149.8041163,"(-30.2729751, 149.8041163)"
IMG_0084_1.tif,-30.272869399999998,149.80363780000002,"(-30.272869399999998, 149.80363780000002)"
IMG_0044_4.tif,-30.272544099999998,149.80339840000002,"(-30.272544099999998, 149.80339840000002)"
IMG_0196_3.tif,-30.2728485,149.8029377,"(-30.2728485, 149.8029377)"
IMG_0050_2.tif,-30.2725391,149.80340360000002,"(-30.2725391, 149.80340360000002)"
IMG_0148_5.tif,-30.2731204,149.8037045,"(-30.2731204, 149.8037045)"
IMG_0036_6.tif,-30.2727398,149.8033307,"(-30.2727398, 149.8033307)"
IMG_0127_4.tif,-30.2730964,149.80404190000002,"(-30.2730964, 149.80404190000002)"
IMG_0186_6.tif,-30.2728263,149.80283540000002,"(-30.2728263, 149.80283540000002)"
IMG_0028_2.tif,-30.27309,149.80309450000001,"(-30.27309, 149.80309450000001)"
IMG_0104_4.tif,-30.2729174,149.80345530000002,"(-30.2729174, 149.80345530000002)"
IMG_0155_4.tif,-30.2732101,149.80396230000002,"(-30.2732101, 149.80396230000002)"
IMG_0099_4.tif,-30.2729659,149.80395000000001,"(-30.2729659, 149.80395000000001)"
IMG_0063_2.tif,-30.272805599999998,149.8038458,"(-30.272805599999998, 149.8038458)"
IMG_0087_6.tif,-30.272903,149.8039439,"(-30.272903, 149.8039439)"
IMG_0045_4.tif,-30.2725428,149.80340170000002,"(-30.2725428, 149.80340170000002)"
IMG_0016_6.tif,-30.2728342,149.8029252,"(-30.2728342, 149.8029252)"
IMG_0035_3.tif,-30.2728549,149.8032894,"(-30.2728549, 149.8032894)"
IMG_0157_3.tif,-30.2732092,149.8039612,"(-30.2732092, 149.8039612)"
IMG_0135_5.tif,-30.273042,149.8034638,"(-30.273042, 149.8034638)"
IMG_0014_3.tif,-30.2728355,149.8029257,"(-30.2728355, 149.8029257)"
IMG_0148_2.tif,-30.2731204,149.8037045,"(-30.2731204, 149.8037045)"
IMG_0146_6.tif,-30.2731004,149.80350610000002,"(-30.2731004, 149.80350610000002)"
IMG_0061_5.tif,-30.2727535,149.8037271,"(-30.2727535, 149.8037271)"
IMG_0172_1.tif,-30.2731469,149.80308770000002,"(-30.2731469, 149.80308770000002)"
IMG_0034_4.tif,-30.272935699999998,149.80326490000002,"(-30.272935699999998, 149.80326490000002)"
IMG_0067_1.tif,-30.2728367,149.80391060000002,"(-30.2728367, 149.80391060000002)"
IMG_0147_6.tif,-30.2731113,149.8036135,"(-30.2731113, 149.8036135)"
IMG_0193_3.tif,-30.2728441,149.80291580000002,"(-30.2728441, 149.80291580000002)"
IMG_0090_1.tif,-30.272920199999998,149.80409500000002,"(-30.272920199999998, 149.80409500000002)"
IMG_0173_2.tif,-30.2731298,149.8030175,"(-30.2731298, 149.8030175)"
IMG_0112_6.tif,-30.2729751,149.8033823,"(-30.2729751, 149.8033823)"
IMG_0165_5.tif,-30.273141499999998,149.80331950000001,"(-30.273141499999998, 149.80331950000001)"
IMG_0188_2.tif,-30.2728173,149.80283790000001,"(-30.2728173, 149.80283790000001)"
IMG_0186_2.tif,-30.2728263,149.80283540000002,"(-30.2728263, 149.80283540000002)"
IMG_0003_2.tif,-30.2728336,149.8029275,"(-30.2728336, 149.8029275)"
IMG_0122_6.tif,-30.2730413,149.8040789,"(-30.2730413, 149.8040789)"
IMG_0010_2.tif,-30.272832299999997,149.8029295,"(-30.272832299999997, 149.8029295)"
IMG_0125_2.tif,-30.2730994,149.8040381,"(-30.2730994, 149.8040381)"
IMG_0168_1.tif,-30.2731508,149.8032755,"(-30.2731508, 149.8032755)"
IMG_0194_1.tif,-30.2728449,149.80293310000002,"(-30.2728449, 149.80293310000002)"
IMG_0097_1.tif,-30.2729864,149.80411840000002,"(-30.2729864, 149.80411840000002)"
IMG_0040_1.tif,-30.2725507,149.80339650000002,"(-30.2725507, 149.80339650000002)"
IMG_0029_6.tif,-30.2731347,149.8031024,"(-30.2731347, 149.8031024)"
IMG_0185_1.tif,-30.2728279,149.80283500000002,"(-30.2728279, 149.80283500000002)"
IMG_0187_6.tif,-30.2728179,149.8028352,"(-30.2728179, 149.8028352)"
IMG_0072_4.tif,-30.2728039,149.80360470000002,"(-30.2728039, 149.80360470000002)"
IMG_0073_2.tif,-30.272793399999998,149.8035017,"(-30.272793399999998, 149.8035017)"
IMG_0031_4.tif,-30.2731556,149.80317050000002,"(-30.2731556, 149.80317050000002)"
IMG_0128_6.tif,-30.273095599999998,149.8040421,"(-30.273095599999998, 149.8040421)"
IMG_0182_4.tif,-30.2728271,149.8027284,"(-30.2728271, 149.8027284)"
IMG_0117_2.tif,-30.273018399999998,149.8038564,"(-30.273018399999998, 149.8038564)"
IMG_0149_2.tif,-30.2731341,149.8038007,"(-30.2731341, 149.8038007)"
IMG_0080_6.tif,-30.2728605,149.8034402,"(-30.2728605, 149.8034402)"
IMG_0123_5.tif,-30.2730508,149.80407490000002,"(-30.2730508, 149.80407490000002)"
IMG_0110_4.tif,-30.2729783,149.80337450000002,"(-30.2729783, 149.80337450000002)"
IMG_0052_6.tif,-30.2725504,149.80340850000002,"(-30.2725504, 149.80340850000002)"
IMG_0158_3.tif,-30.273208999999998,149.8039589,"(-30.273208999999998, 149.8039589)"
IMG_0002_3.tif,-30.272836599999998,149.80292930000002,"(-30.272836599999998, 149.80292930000002)"
IMG_0083_3.tif,-30.2728616,149.8035241,"(-30.2728616, 149.8035241)"
IMG_0149_3.tif,-30.2731341,149.8038007,"(-30.2731341, 149.8038007)"
IMG_0072_6.tif,-30.2728039,149.80360470000002,"(-30.2728039, 149.80360470000002)"
IMG_0150_1.tif,-30.2731469,149.8039166,"(-30.2731469, 149.8039166)"
IMG_0011_4.tif,-30.2728325,149.80292930000002,"(-30.2728325, 149.80292930000002)"
IMG_0014_4.tif,-30.2728355,149.8029257,"(-30.2728355, 149.8029257)"
IMG_0191_4.tif,-30.2728324,149.8028787,"(-30.2728324, 149.8028787)"
IMG_0006_6.tif,-30.2728328,149.8029285,"(-30.2728328, 149.8029285)"
IMG_0162_1.tif,-30.273174299999997,149.80361630000002,"(-30.273174299999997, 149.80361630000002)"
IMG_0179_1.tif,-30.2729441,149.8026845,"(-30.2729441, 149.8026845)"
IMG_0192_2.tif,-30.2728338,149.80288320000002,"(-30.2728338, 149.80288320000002)"
IMG_0010_1.tif,-30.272832299999997,149.8029295,"(-30.272832299999997, 149.8029295)"
IMG_0087_3.tif,-30.272903,149.8039439,"(-30.272903, 149.8039439)"
IMG_0158_6.tif,-30.273208999999998,149.8039589,"(-30.273208999999998, 149.8039589)"
IMG_0188_6.tif,-30.2728173,149.80283790000001,"(-30.2728173, 149.80283790000001)"
IMG_0155_5.tif,-30.2732101,149.80396230000002,"(-30.2732101, 149.80396230000002)"
IMG_0120_4.tif,-30.273042399999998,149.80407870000002,"(-30.273042399999998, 149.80407870000002)"
IMG_0123_4.tif,-30.2730508,149.80407490000002,"(-30.2730508, 149.80407490000002)"
IMG_0171_5.tif,-30.2731858,149.80324620000002,"(-30.2731858, 149.80324620000002)"
IMG_0097_5.tif,-30.2729864,149.80411840000002,"(-30.2729864, 149.80411840000002)"
IMG_0127_3.tif,-30.2730964,149.80404190000002,"(-30.2730964, 149.80404190000002)"
IMG_0007_6.tif,-30.272832599999997,149.80292880000002,"(-30.272832599999997, 149.80292880000002)"
IMG_0124_5.tif,-30.2730923,149.80404190000002,"(-30.2730923, 149.80404190000002)"
IMG_0189_5.tif,-30.2728263,149.8028567,"(-30.2728263, 149.8028567)"
IMG_0082_3.tif,-30.2728573,149.8034581,"(-30.2728573, 149.8034581)"
IMG_0168_3.tif,-30.2731508,149.8032755,"(-30.2731508, 149.8032755)"
IMG_0017_3.tif,-30.2728359,149.8029281,"(-30.2728359, 149.8029281)"
IMG_0074_5.tif,-30.2727909,149.8034761,"(-30.2727909, 149.8034761)"
IMG_0081_1.tif,-30.272860599999998,149.8034409,"(-30.272860599999998, 149.8034409)"
IMG_0094_5.tif,-30.2729875,149.80411980000002,"(-30.2729875, 149.80411980000002)"
IMG_0047_4.tif,-30.272540799999998,149.803404,"(-30.272540799999998, 149.803404)"
IMG_0142_2.tif,-30.2730922,149.8033149,"(-30.2730922, 149.8033149)"
IMG_0116_3.tif,-30.2730066,149.80375500000002,"(-30.2730066, 149.80375500000002)"
IMG_0037_3.tif,-30.272630799999998,149.8033656,"(-30.272630799999998, 149.8033656)"
IMG_0160_2.tif,-30.2731903,149.80381500000001,"(-30.2731903, 149.80381500000001)"
IMG_0102_3.tif,-30.2729395,149.80366740000002,"(-30.2729395, 149.80366740000002)"
IMG_0035_4.tif,-30.2728549,149.8032894,"(-30.2728549, 149.8032894)"
IMG_0143_6.tif,-30.2730919,149.8033172,"(-30.2730919, 149.8033172)"
IMG_0180_3.tif,-30.272911699999998,149.80270000000002,"(-30.272911699999998, 149.80270000000002)"
IMG_0011_6.tif,-30.2728325,149.80292930000002,"(-30.2728325, 149.80292930000002)"
IMG_0017_2.tif,-30.2728359,149.8029281,"(-30.2728359, 149.8029281)"
IMG_0012_6.tif,-30.272832899999997,149.8029294,"(-30.272832899999997, 149.8029294)"
IMG_0015_2.tif,-30.2728352,149.80292490000002,"(-30.2728352, 149.80292490000002)"
IMG_0163_1.tif,-30.273161599999998,149.80350620000002,"(-30.273161599999998, 149.80350620000002)"
IMG_0013_5.tif,-30.272832899999997,149.8029294,"(-30.272832899999997, 149.8029294)"
IMG_0010_4.tif,-30.272832299999997,149.8029295,"(-30.272832299999997, 149.8029295)"
IMG_0110_1.tif,-30.2729783,149.80337450000002,"(-30.2729783, 149.80337450000002)"
IMG_0168_2.tif,-30.2731508,149.8032755,"(-30.2731508, 149.8032755)"
IMG_0044_5.tif,-30.272544099999998,149.80339840000002,"(-30.272544099999998, 149.80339840000002)"
IMG_0106_4.tif,-30.272913799999998,149.8034043,"(-30.272913799999998, 149.8034043)"
IMG_0193_5.tif,-30.2728441,149.80291580000002,"(-30.2728441, 149.80291580000002)"
IMG_0137_6.tif,-30.273029899999997,149.80334190000002,"(-30.273029899999997, 149.80334190000002)"
IMG_0110_2.tif,-30.2729783,149.80337450000002,"(-30.2729783, 149.80337450000002)"
IMG_0140_3.tif,-30.2730796,149.8033158,"(-30.2730796, 149.8033158)"
IMG_0065_4.tif,-30.272835099999998,149.8039139,"(-30.272835099999998, 149.8039139)"
IMG_0113_1.tif,-30.2729787,149.80345820000002,"(-30.2729787, 149.80345820000002)"
IMG_0164_1.tif,-30.2731484,149.8033938,"(-30.2731484, 149.8033938)"
IMG_0132_5.tif,-30.2730709,149.8037645,"(-30.2730709, 149.8037645)"
IMG_0100_1.tif,-30.272959399999998,149.80386190000002,"(-30.272959399999998, 149.80386190000002)"
IMG_0085_1.tif,-30.2728804,149.8037323,"(-30.2728804, 149.8037323)"
IMG_0041_6.tif,-30.272551399999998,149.8033973,"(-30.272551399999998, 149.8033973)"
IMG_0008_6.tif,-30.272832599999997,149.802929,"(-30.272832599999997, 149.802929)"
IMG_0027_5.tif,-30.273035,149.8030718,"(-30.273035, 149.8030718)"
IMG_0094_2.tif,-30.2729875,149.80411980000002,"(-30.2729875, 149.80411980000002)"
IMG_0088_1.tif,-30.2729115,149.8040249,"(-30.2729115, 149.8040249)"
IMG_0189_6.tif,-30.2728263,149.8028567,"(-30.2728263, 149.8028567)"
IMG_0086_2.tif,-30.2728917,149.8038371,"(-30.2728917, 149.8038371)"
IMG_0150_2.tif,-30.2731469,149.8039166,"(-30.2731469, 149.8039166)"
IMG_0003_5.tif,-30.2728336,149.8029275,"(-30.2728336, 149.8029275)"
IMG_0182_6.tif,-30.2728271,149.8027284,"(-30.2728271, 149.8027284)"
IMG_0115_1.tif,-30.272998599999998,149.803664,"(-30.272998599999998, 149.803664)"
IMG_0163_2.tif,-30.273161599999998,149.80350620000002,"(-30.273161599999998, 149.80350620000002)"
IMG_0019_5.tif,-30.272835699999998,149.8029265,"(-30.272835699999998, 149.8029265)"
IMG_0033_5.tif,-30.2730149,149.80324480000002,"(-30.2730149, 149.80324480000002)"
IMG_0038_1.tif,-30.2725661,149.80338600000002,"(-30.2725661, 149.80338600000002)"
IMG_0098_3.tif,-30.2729771,149.80406440000002,"(-30.2729771, 149.80406440000002)"
IMG_0122_3.tif,-30.2730413,149.8040789,"(-30.2730413, 149.8040789)"
IMG_0090_5.tif,-30.272920199999998,149.80409500000002,"(-30.272920199999998, 149.80409500000002)"
IMG_0066_1.tif,-30.2728374,149.80391070000002,"(-30.2728374, 149.80391070000002)"
IMG_0114_2.tif,-30.2729885,149.8035628,"(-30.2729885, 149.8035628)"
IMG_0042_2.tif,-30.272547199999998,149.8033958,"(-30.272547199999998, 149.8033958)"
IMG_0141_6.tif,-30.273088599999998,149.80331220000002,"(-30.273088599999998, 149.80331220000002)"
IMG_0048_1.tif,-30.2725412,149.8034025,"(-30.2725412, 149.8034025)"
IMG_0021_2.tif,-30.2728421,149.8029214,"(-30.2728421, 149.8029214)"
IMG_0043_1.tif,-30.2725446,149.80339650000002,"(-30.2725446, 149.80339650000002)"
IMG_0085_4.tif,-30.2728804,149.8037323,"(-30.2728804, 149.8037323)"
IMG_0042_4.tif,-30.272547199999998,149.8033958,"(-30.272547199999998, 149.8033958)"
IMG_0045_3.tif,-30.2725428,149.80340170000002,"(-30.2725428, 149.80340170000002)"
IMG_0034_2.tif,-30.272935699999998,149.80326490000002,"(-30.272935699999998, 149.80326490000002)"
IMG_0024_1.tif,-30.2729516,149.8030026,"(-30.2729516, 149.8030026)"
IMG_0182_2.tif,-30.2728271,149.8027284,"(-30.2728271, 149.8027284)"
IMG_0087_4.tif,-30.272903,149.8039439,"(-30.272903, 149.8039439)"
IMG_0036_2.tif,-30.2727398,149.8033307,"(-30.2727398, 149.8033307)"
IMG_0048_3.tif,-30.2725412,149.8034025,"(-30.2725412, 149.8034025)"
IMG_0100_2.tif,-30.272959399999998,149.80386190000002,"(-30.272959399999998, 149.80386190000002)"
IMG_0147_4.tif,-30.2731113,149.8036135,"(-30.2731113, 149.8036135)"
IMG_0168_6.tif,-30.2731508,149.8032755,"(-30.2731508, 149.8032755)"
IMG_0113_2.tif,-30.2729787,149.80345820000002,"(-30.2729787, 149.80345820000002)"
IMG_0079_4.tif,-30.2728583,149.8034404,"(-30.2728583, 149.8034404)"
IMG_0176_3.tif,-30.2730495,149.8026522,"(-30.2730495, 149.8026522)"
IMG_0068_1.tif,-30.2728338,149.80390930000002,"(-30.2728338, 149.80390930000002)"
IMG_0174_3.tif,-30.273094099999998,149.802849,"(-30.273094099999998, 149.802849)"
IMG_0034_5.tif,-30.272935699999998,149.80326490000002,"(-30.272935699999998, 149.80326490000002)"
IMG_0028_6.tif,-30.27309,149.80309450000001,"(-30.27309, 149.80309450000001)"
IMG_0169_2.tif,-30.273178899999998,149.80326300000002,"(-30.273178899999998, 149.80326300000002)"
IMG_0143_3.tif,-30.2730919,149.8033172,"(-30.2730919, 149.8033172)"
IMG_0056_4.tif,-30.272745099999998,149.8035103,"(-30.272745099999998, 149.8035103)"
IMG_0183_5.tif,-30.2728158,149.8027601,"(-30.2728158, 149.8027601)"
IMG_0129_6.tif,-30.273096499999998,149.8040372,"(-30.273096499999998, 149.8040372)"
IMG_0012_4.tif,-30.272832899999997,149.8029294,"(-30.272832899999997, 149.8029294)"
IMG_0067_5.tif,-30.2728367,149.80391060000002,"(-30.2728367, 149.80391060000002)"
IMG_0153_4.tif,-30.2731559,149.8040032,"(-30.2731559, 149.8040032)"
IMG_0076_5.tif,-30.2727935,149.80347410000002,"(-30.2727935, 149.80347410000002)"
IMG_0000_5.tif,-30.272835399999998,149.80293260000002,"(-30.272835399999998, 149.80293260000002)"
IMG_0046_3.tif,-30.2725419,149.803404,"(-30.2725419, 149.803404)"
IMG_0191_6.tif,-30.2728324,149.8028787,"(-30.2728324, 149.8028787)"
IMG_0139_4.tif,-30.2730382,149.80333850000002,"(-30.2730382, 149.80333850000002)"
IMG_0087_2.tif,-30.272903,149.8039439,"(-30.272903, 149.8039439)"
IMG_0043_5.tif,-30.2725446,149.80339650000002,"(-30.2725446, 149.80339650000002)"
IMG_0067_6.tif,-30.2728367,149.80391060000002,"(-30.2728367, 149.80391060000002)"
IMG_0016_5.tif,-30.2728342,149.8029252,"(-30.2728342, 149.8029252)"
IMG_0128_2.tif,-30.273095599999998,149.8040421,"(-30.273095599999998, 149.8040421)"
IMG_0034_3.tif,-30.272935699999998,149.80326490000002,"(-30.272935699999998, 149.80326490000002)"
IMG_0057_3.tif,-30.272746599999998,149.8035141,"(-30.272746599999998, 149.8035141)"
IMG_0133_3.tif,-30.2730596,149.8036442,"(-30.2730596, 149.8036442)"
IMG_0125_3.tif,-30.2730994,149.8040381,"(-30.2730994, 149.8040381)"
IMG_0170_2.tif,-30.2731872,149.8032714,"(-30.2731872, 149.8032714)"
IMG_0166_1.tif,-30.2731402,149.8032876,"(-30.2731402, 149.8032876)"
IMG_0108_3.tif,-30.2729566,149.8033828,"(-30.2729566, 149.8033828)"
IMG_0033_3.tif,-30.2730149,149.80324480000002,"(-30.2730149, 149.80324480000002)"
IMG_0150_6.tif,-30.2731469,149.8039166,"(-30.2731469, 149.8039166)"
IMG_0019_6.tif,-30.272835699999998,149.8029265,"(-30.272835699999998, 149.8029265)"
IMG_0156_3.tif,-30.273210799999998,149.8039601,"(-30.273210799999998, 149.8039601)"
IMG_0094_1.tif,-30.2729875,149.80411980000002,"(-30.2729875, 149.80411980000002)"
IMG_0138_1.tif,-30.2730289,149.8033408,"(-30.2730289, 149.8033408)"
IMG_0105_3.tif,-30.2729143,149.80341900000002,"(-30.2729143, 149.80341900000002)"
IMG_0197_4.tif,-30.2728444,149.8029404,"(-30.2728444, 149.8029404)"
IMG_0133_6.tif,-30.2730596,149.8036442,"(-30.2730596, 149.8036442)"
IMG_0155_2.tif,-30.2732101,149.80396230000002,"(-30.2732101, 149.80396230000002)"
IMG_0029_3.tif,-30.2731347,149.8031024,"(-30.2731347, 149.8031024)"
IMG_0178_4.tif,-30.2729856,149.80266790000002,"(-30.2729856, 149.80266790000002)"
IMG_0145_5.tif,-30.273089,149.8033829,"(-30.273089, 149.8033829)"
IMG_0149_5.tif,-30.2731341,149.8038007,"(-30.2731341, 149.8038007)"
IMG_0093_4.tif,-30.2729751,149.8041163,"(-30.2729751, 149.8041163)"
IMG_0097_4.tif,-30.2729864,149.80411840000002,"(-30.2729864, 149.80411840000002)"
IMG_0037_6.tif,-30.272630799999998,149.8033656,"(-30.272630799999998, 149.8033656)"
IMG_0168_5.tif,-30.2731508,149.8032755,"(-30.2731508, 149.8032755)"
IMG_0188_5.tif,-30.2728173,149.80283790000001,"(-30.2728173, 149.80283790000001)"
IMG_0106_1.tif,-30.272913799999998,149.8034043,"(-30.272913799999998, 149.8034043)"
IMG_0086_5.tif,-30.2728917,149.8038371,"(-30.2728917, 149.8038371)"
IMG_0142_4.tif,-30.2730922,149.8033149,"(-30.2730922, 149.8033149)"
IMG_0159_3.tif,-30.2732034,149.8039223,"(-30.2732034, 149.8039223)"
IMG_0164_6.tif,-30.2731484,149.8033938,"(-30.2731484, 149.8033938)"
IMG_0158_2.tif,-30.273208999999998,149.8039589,"(-30.273208999999998, 149.8039589)"
IMG_0075_5.tif,-30.2727932,149.8034713,"(-30.2727932, 149.8034713)"
IMG_0187_4.tif,-30.2728179,149.8028352,"(-30.2728179, 149.8028352)"
IMG_0198_6.tif,-30.2728398,149.80293830000002,"(-30.2728398, 149.80293830000002)"
IMG_0134_3.tif,-30.2730516,149.8035562,"(-30.2730516, 149.8035562)"
IMG_0053_5.tif,-30.2726303,149.80344670000002,"(-30.2726303, 149.80344670000002)"
IMG_0190_4.tif,-30.2728344,149.8028792,"(-30.2728344, 149.8028792)"
IMG_0021_3.tif,-30.2728421,149.8029214,"(-30.2728421, 149.8029214)"
IMG_0115_6.tif,-30.272998599999998,149.803664,"(-30.272998599999998, 149.803664)"
IMG_0001_1.tif,-30.2728356,149.8029325,"(-30.2728356, 149.8029325)"
IMG_0044_3.tif,-30.272544099999998,149.80339840000002,"(-30.272544099999998, 149.80339840000002)"
IMG_0077_6.tif,-30.272805899999998,149.80346870000002,"(-30.272805899999998, 149.80346870000002)"
IMG_0092_1.tif,-30.2729563,149.8041096,"(-30.2729563, 149.8041096)"
IMG_0118_3.tif,-30.273026599999998,149.8039558,"(-30.273026599999998, 149.8039558)"
IMG_0194_2.tif,-30.2728449,149.80293310000002,"(-30.2728449, 149.80293310000002)"
IMG_0069_2.tif,-30.27283,149.80389430000002,"(-30.27283, 149.80389430000002)"
IMG_0050_5.tif,-30.2725391,149.80340360000002,"(-30.2725391, 149.80340360000002)"
IMG_0085_3.tif,-30.2728804,149.8037323,"(-30.2728804, 149.8037323)"
IMG_0162_4.tif,-30.273174299999997,149.80361630000002,"(-30.273174299999997, 149.80361630000002)"
IMG_0052_4.tif,-30.2725504,149.80340850000002,"(-30.2725504, 149.80340850000002)"
IMG_0124_6.tif,-30.2730923,149.80404190000002,"(-30.2730923, 149.80404190000002)"
IMG_0015_5.tif,-30.2728352,149.80292490000002,"(-30.2728352, 149.80292490000002)"
IMG_0188_4.tif,-30.2728173,149.80283790000001,"(-30.2728173, 149.80283790000001)"
IMG_0194_4.tif,-30.2728449,149.80293310000002,"(-30.2728449, 149.80293310000002)"
IMG_0182_5.tif,-30.2728271,149.8027284,"(-30.2728271, 149.8027284)"
IMG_0073_4.tif,-30.272793399999998,149.8035017,"(-30.272793399999998, 149.8035017)"
IMG_0088_6.tif,-30.2729115,149.8040249,"(-30.2729115, 149.8040249)"
IMG_0006_1.tif,-30.2728328,149.8029285,"(-30.2728328, 149.8029285)"
IMG_0035_5.tif,-30.2728549,149.8032894,"(-30.2728549, 149.8032894)"
IMG_0092_3.tif,-30.2729563,149.8041096,"(-30.2729563, 149.8041096)"
IMG_0070_6.tif,-30.2728204,149.8038208,"(-30.2728204, 149.8038208)"
IMG_0047_3.tif,-30.272540799999998,149.803404,"(-30.272540799999998, 149.803404)"
IMG_0014_2.tif,-30.2728355,149.8029257,"(-30.2728355, 149.8029257)"
IMG_0144_2.tif,-30.2730861,149.8033216,"(-30.2730861, 149.8033216)"
IMG_0197_6.tif,-30.2728444,149.8029404,"(-30.2728444, 149.8029404)"
IMG_0112_5.tif,-30.2729751,149.8033823,"(-30.2729751, 149.8033823)"
IMG_0139_5.tif,-30.2730382,149.80333850000002,"(-30.2730382, 149.80333850000002)"
IMG_0168_4.tif,-30.2731508,149.8032755,"(-30.2731508, 149.8032755)"
IMG_0189_3.tif,-30.2728263,149.8028567,"(-30.2728263, 149.8028567)"
IMG_0182_3.tif,-30.2728271,149.8027284,"(-30.2728271, 149.8027284)"
IMG_0192_4.tif,-30.2728338,149.80288320000002,"(-30.2728338, 149.80288320000002)"
IMG_0141_4.tif,-30.273088599999998,149.80331220000002,"(-30.273088599999998, 149.80331220000002)"
IMG_0131_1.tif,-30.273078599999998,149.8038507,"(-30.273078599999998, 149.8038507)"
IMG_0065_5.tif,-30.272835099999998,149.8039139,"(-30.272835099999998, 149.8039139)"
IMG_0164_4.tif,-30.2731484,149.8033938,"(-30.2731484, 149.8033938)"
IMG_0152_1.tif,-30.273154899999998,149.8040034,"(-30.273154899999998, 149.8040034)"
IMG_0080_2.tif,-30.2728605,149.8034402,"(-30.2728605, 149.8034402)"
IMG_0097_2.tif,-30.2729864,149.80411840000002,"(-30.2729864, 149.80411840000002)"
IMG_0159_5.tif,-30.2732034,149.8039223,"(-30.2732034, 149.8039223)"
IMG_0179_5.tif,-30.2729441,149.8026845,"(-30.2729441, 149.8026845)"
IMG_0007_1.tif,-30.272832599999997,149.80292880000002,"(-30.272832599999997, 149.80292880000002)"
IMG_0140_2.tif,-30.2730796,149.8033158,"(-30.2730796, 149.8033158)"
IMG_0051_5.tif,-30.2725407,149.80340360000002,"(-30.2725407, 149.80340360000002)"
IMG_0076_3.tif,-30.2727935,149.80347410000002,"(-30.2727935, 149.80347410000002)"
IMG_0115_2.tif,-30.272998599999998,149.803664,"(-30.272998599999998, 149.803664)"
IMG_0189_4.tif,-30.2728263,149.8028567,"(-30.2728263, 149.8028567)"
IMG_0128_5.tif,-30.273095599999998,149.8040421,"(-30.273095599999998, 149.8040421)"
IMG_0148_6.tif,-30.2731204,149.8037045,"(-30.2731204, 149.8037045)"
IMG_0040_5.tif,-30.2725507,149.80339650000002,"(-30.2725507, 149.80339650000002)"
IMG_0097_6.tif,-30.2729864,149.80411840000002,"(-30.2729864, 149.80411840000002)"
IMG_0181_5.tif,-30.272871,149.80271190000002,"(-30.272871, 149.80271190000002)"
IMG_0076_4.tif,-30.2727935,149.80347410000002,"(-30.2727935, 149.80347410000002)"
IMG_0186_4.tif,-30.2728263,149.80283540000002,"(-30.2728263, 149.80283540000002)"
IMG_0198_3.tif,-30.2728398,149.80293830000002,"(-30.2728398, 149.80293830000002)"
IMG_0007_2.tif,-30.272832599999997,149.80292880000002,"(-30.272832599999997, 149.80292880000002)"
IMG_0100_4.tif,-30.272959399999998,149.80386190000002,"(-30.272959399999998, 149.80386190000002)"
IMG_0032_6.tif,-30.273096499999998,149.80321880000002,"(-30.273096499999998, 149.80321880000002)"
IMG_0079_1.tif,-30.2728583,149.8034404,"(-30.2728583, 149.8034404)"
IMG_0005_2.tif,-30.2728331,149.8029286,"(-30.2728331, 149.8029286)"
IMG_0074_1.tif,-30.2727909,149.8034761,"(-30.2727909, 149.8034761)"
IMG_0054_5.tif,-30.272726499999997,149.8034997,"(-30.272726499999997, 149.8034997)"
IMG_0047_5.tif,-30.272540799999998,149.803404,"(-30.272540799999998, 149.803404)"
IMG_0151_6.tif,-30.2731496,149.8039808,"(-30.2731496, 149.8039808)"
IMG_0166_4.tif,-30.2731402,149.8032876,"(-30.2731402, 149.8032876)"
IMG_0073_5.tif,-30.272793399999998,149.8035017,"(-30.272793399999998, 149.8035017)"
IMG_0022_6.tif,-30.2728592,149.80292980000002,"(-30.2728592, 149.80292980000002)"
IMG_0121_3.tif,-30.2730411,149.8040831,"(-30.2730411, 149.8040831)"
IMG_0018_1.tif,-30.2728377,149.8029309,"(-30.2728377, 149.8029309)"
IMG_0080_4.tif,-30.2728605,149.8034402,"(-30.2728605, 149.8034402)"
IMG_0048_4.tif,-30.2725412,149.8034025,"(-30.2725412, 149.8034025)"
IMG_0199_6.tif,-30.2728368,149.80293550000002,"(-30.2728368, 149.80293550000002)"
IMG_0153_3.tif,-30.2731559,149.8040032,"(-30.2731559, 149.8040032)"
IMG_0015_4.tif,-30.2728352,149.80292490000002,"(-30.2728352, 149.80292490000002)"
IMG_0035_1.tif,-30.2728549,149.8032894,"(-30.2728549, 149.8032894)"
IMG_0119_2.tif,-30.273037,149.8040454,"(-30.273037, 149.8040454)"
IMG_0128_1.tif,-30.273095599999998,149.8040421,"(-30.273095599999998, 149.8040421)"
IMG_0103_2.tif,-30.2729288,149.8035739,"(-30.2729288, 149.8035739)"
IMG_0052_2.tif,-30.2725504,149.80340850000002,"(-30.2725504, 149.80340850000002)"
IMG_0191_1.tif,-30.2728324,149.8028787,"(-30.2728324, 149.8028787)"
IMG_0005_3.tif,-30.2728331,149.8029286,"(-30.2728331, 149.8029286)"
IMG_0038_6.tif,-30.2725661,149.80338600000002,"(-30.2725661, 149.80338600000002)"
IMG_0099_6.tif,-30.2729659,149.80395000000001,"(-30.2729659, 149.80395000000001)"
IMG_0163_6.tif,-30.273161599999998,149.80350620000002,"(-30.273161599999998, 149.80350620000002)"
IMG_0099_5.tif,-30.2729659,149.80395000000001,"(-30.2729659, 149.80395000000001)"
IMG_0167_5.tif,-30.2731393,149.8032827,"(-30.2731393, 149.8032827)"
IMG_0064_6.tif,-30.2728315,149.8039036,"(-30.2728315, 149.8039036)"
IMG_0111_5.tif,-30.272979499999998,149.803377,"(-30.272979499999998, 149.803377)"
IMG_0093_6.tif,-30.2729751,149.8041163,"(-30.2729751, 149.8041163)"
IMG_0081_2.tif,-30.272860599999998,149.8034409,"(-30.272860599999998, 149.8034409)"
IMG_0181_2.tif,-30.272871,149.80271190000002,"(-30.272871, 149.80271190000002)"
IMG_0178_2.tif,-30.2729856,149.80266790000002,"(-30.2729856, 149.80266790000002)"
IMG_0157_2.tif,-30.2732092,149.8039612,"(-30.2732092, 149.8039612)"
IMG_0184_5.tif,-30.2728199,149.802819,"(-30.2728199, 149.802819)"
IMG_0053_1.tif,-30.2726303,149.80344670000002,"(-30.2726303, 149.80344670000002)"
IMG_0106_3.tif,-30.272913799999998,149.8034043,"(-30.272913799999998, 149.8034043)"
IMG_0190_1.tif,-30.2728344,149.8028792,"(-30.2728344, 149.8028792)"
IMG_0116_1.tif,-30.2730066,149.80375500000002,"(-30.2730066, 149.80375500000002)"
IMG_0020_1.tif,-30.272838099999998,149.80292010000002,"(-30.272838099999998, 149.80292010000002)"
IMG_0016_1.tif,-30.2728342,149.8029252,"(-30.2728342, 149.8029252)"
IMG_0169_5.tif,-30.273178899999998,149.80326300000002,"(-30.273178899999998, 149.80326300000002)"
IMG_0040_4.tif,-30.2725507,149.80339650000002,"(-30.2725507, 149.80339650000002)"
IMG_0174_1.tif,-30.273094099999998,149.802849,"(-30.273094099999998, 149.802849)"
IMG_0033_6.tif,-30.2730149,149.80324480000002,"(-30.2730149, 149.80324480000002)"
IMG_0051_1.tif,-30.2725407,149.80340360000002,"(-30.2725407, 149.80340360000002)"
IMG_0142_6.tif,-30.2730922,149.8033149,"(-30.2730922, 149.8033149)"
IMG_0150_4.tif,-30.2731469,149.8039166,"(-30.2731469, 149.8039166)"
IMG_0094_4.tif,-30.2729875,149.80411980000002,"(-30.2729875, 149.80411980000002)"
IMG_0171_4.tif,-30.2731858,149.80324620000002,"(-30.2731858, 149.80324620000002)"
IMG_0024_2.tif,-30.2729516,149.8030026,"(-30.2729516, 149.8030026)"
IMG_0108_4.tif,-30.2729566,149.8033828,"(-30.2729566, 149.8033828)"
IMG_0083_6.tif,-30.2728616,149.8035241,"(-30.2728616, 149.8035241)"
IMG_0030_3.tif,-30.2731647,149.8031085,"(-30.2731647, 149.8031085)"
IMG_0186_1.tif,-30.2728263,149.80283540000002,"(-30.2728263, 149.80283540000002)"
IMG_0131_2.tif,-30.273078599999998,149.8038507,"(-30.273078599999998, 149.8038507)"
IMG_0188_1.tif,-30.2728173,149.80283790000001,"(-30.2728173, 149.80283790000001)"
IMG_0112_2.tif,-30.2729751,149.8033823,"(-30.2729751, 149.8033823)"
IMG_0036_3.tif,-30.2727398,149.8033307,"(-30.2727398, 149.8033307)"
IMG_0187_1.tif,-30.2728179,149.8028352,"(-30.2728179, 149.8028352)"
IMG_0153_5.tif,-30.2731559,149.8040032,"(-30.2731559, 149.8040032)"
IMG_0107_2.tif,-30.2729219,149.803403,"(-30.2729219, 149.803403)"
IMG_0050_4.tif,-30.2725391,149.80340360000002,"(-30.2725391, 149.80340360000002)"
IMG_0032_5.tif,-30.273096499999998,149.80321880000002,"(-30.273096499999998, 149.80321880000002)"
IMG_0052_5.tif,-30.2725504,149.80340850000002,"(-30.2725504, 149.80340850000002)"
IMG_0180_1.tif,-30.272911699999998,149.80270000000002,"(-30.272911699999998, 149.80270000000002)"
IMG_0033_4.tif,-30.2730149,149.80324480000002,"(-30.2730149, 149.80324480000002)"
IMG_0109_5.tif,-30.2729754,149.8033741,"(-30.2729754, 149.8033741)"
IMG_0051_6.tif,-30.2725407,149.80340360000002,"(-30.2725407, 149.80340360000002)"
IMG_0020_5.tif,-30.272838099999998,149.80292010000002,"(-30.272838099999998, 149.80292010000002)"
IMG_0046_6.tif,-30.2725419,149.803404,"(-30.2725419, 149.803404)"
IMG_0051_4.tif,-30.2725407,149.80340360000002,"(-30.2725407, 149.80340360000002)"
IMG_0191_3.tif,-30.2728324,149.8028787,"(-30.2728324, 149.8028787)"
IMG_0137_1.tif,-30.273029899999997,149.80334190000002,"(-30.273029899999997, 149.80334190000002)"
IMG_0089_6.tif,-30.2729172,149.80408070000001,"(-30.2729172, 149.80408070000001)"
IMG_0141_3.tif,-30.273088599999998,149.80331220000002,"(-30.273088599999998, 149.80331220000002)"
IMG_0100_3.tif,-30.272959399999998,149.80386190000002,"(-30.272959399999998, 149.80386190000002)"
IMG_0012_3.tif,-30.272832899999997,149.8029294,"(-30.272832899999997, 149.8029294)"
IMG_0130_3.tif,-30.273090999999997,149.8039774,"(-30.273090999999997, 149.8039774)"
IMG_0155_6.tif,-30.2732101,149.80396230000002,"(-30.2732101, 149.80396230000002)"
IMG_0056_1.tif,-30.272745099999998,149.8035103,"(-30.272745099999998, 149.8035103)"
IMG_0005_6.tif,-30.2728331,149.8029286,"(-30.2728331, 149.8029286)"
IMG_0198_4.tif,-30.2728398,149.80293830000002,"(-30.2728398, 149.80293830000002)"
IMG_0126_3.tif,-30.2730972,149.80404090000002,"(-30.2730972, 149.80404090000002)"
IMG_0169_1.tif,-30.273178899999998,149.80326300000002,"(-30.273178899999998, 149.80326300000002)"
IMG_0106_5.tif,-30.272913799999998,149.8034043,"(-30.272913799999998, 149.8034043)"
IMG_0176_1.tif,-30.2730495,149.8026522,"(-30.2730495, 149.8026522)"
IMG_0114_3.tif,-30.2729885,149.8035628,"(-30.2729885, 149.8035628)"
IMG_0023_3.tif,-30.272906799999998,149.80296180000002,"(-30.272906799999998, 149.80296180000002)"
IMG_0018_4.tif,-30.2728377,149.8029309,"(-30.2728377, 149.8029309)"
IMG_0129_3.tif,-30.273096499999998,149.8040372,"(-30.273096499999998, 149.8040372)"
IMG_0084_3.tif,-30.272869399999998,149.80363780000002,"(-30.272869399999998, 149.80363780000002)"
IMG_0068_5.tif,-30.2728338,149.80390930000002,"(-30.2728338, 149.80390930000002)"
IMG_0061_4.tif,-30.2727535,149.8037271,"(-30.2727535, 149.8037271)"
IMG_0161_5.tif,-30.2731793,149.8036836,"(-30.2731793, 149.8036836)"
IMG_0178_6.tif,-30.2729856,149.80266790000002,"(-30.2729856, 149.80266790000002)"
IMG_0179_2.tif,-30.2729441,149.8026845,"(-30.2729441, 149.8026845)"
IMG_0110_5.tif,-30.2729783,149.80337450000002,"(-30.2729783, 149.80337450000002)"
IMG_0135_1.tif,-30.273042,149.8034638,"(-30.273042, 149.8034638)"
IMG_0066_3.tif,-30.2728374,149.80391070000002,"(-30.2728374, 149.80391070000002)"
IMG_0089_3.tif,-30.2729172,149.80408070000001,"(-30.2729172, 149.80408070000001)"
IMG_0027_4.tif,-30.273035,149.8030718,"(-30.273035, 149.8030718)"
IMG_0069_4.tif,-30.27283,149.80389430000002,"(-30.27283, 149.80389430000002)"
IMG_0127_1.tif,-30.2730964,149.80404190000002,"(-30.2730964, 149.80404190000002)"
IMG_0117_4.tif,-30.273018399999998,149.8038564,"(-30.273018399999998, 149.8038564)"
IMG_0140_6.tif,-30.2730796,149.8033158,"(-30.2730796, 149.8033158)"
IMG_0132_3.tif,-30.2730709,149.8037645,"(-30.2730709, 149.8037645)"
IMG_0183_4.tif,-30.2728158,149.8027601,"(-30.2728158, 149.8027601)"
IMG_0009_4.tif,-30.272832599999997,149.8029291,"(-30.272832599999997, 149.8029291)"
IMG_0181_6.tif,-30.272871,149.80271190000002,"(-30.272871, 149.80271190000002)"
IMG_0018_3.tif,-30.2728377,149.8029309,"(-30.2728377, 149.8029309)"
IMG_0119_4.tif,-30.273037,149.8040454,"(-30.273037, 149.8040454)"
IMG_0188_3.tif,-30.2728173,149.80283790000001,"(-30.2728173, 149.80283790000001)"
IMG_0078_4.tif,-30.272841099999997,149.8034464,"(-30.272841099999997, 149.8034464)"
IMG_0175_4.tif,-30.273066099999998,149.80270610000002,"(-30.273066099999998, 149.80270610000002)"
IMG_0058_3.tif,-30.2727409,149.8035819,"(-30.2727409, 149.8035819)"
IMG_0071_3.tif,-30.2728108,149.8037047,"(-30.2728108, 149.8037047)"
IMG_0126_4.tif,-30.2730972,149.80404090000002,"(-30.2730972, 149.80404090000002)"
IMG_0146_5.tif,-30.2731004,149.80350610000002,"(-30.2731004, 149.80350610000002)"
IMG_0083_1.tif,-30.2728616,149.8035241,"(-30.2728616, 149.8035241)"
IMG_0047_2.tif,-30.272540799999998,149.803404,"(-30.272540799999998, 149.803404)"
IMG_0095_1.tif,-30.2729864,149.8041183,"(-30.2729864, 149.8041183)"
IMG_0067_4.tif,-30.2728367,149.80391060000002,"(-30.2728367, 149.80391060000002)"
IMG_0013_4.tif,-30.272832899999997,149.8029294,"(-30.272832899999997, 149.8029294)"
IMG_0000_1.tif,-30.272835399999998,149.80293260000002,"(-30.272835399999998, 149.80293260000002)"
IMG_0071_6.tif,-30.2728108,149.8037047,"(-30.2728108, 149.8037047)"
IMG_0184_2.tif,-30.2728199,149.802819,"(-30.2728199, 149.802819)"
IMG_0065_2.tif,-30.272835099999998,149.8039139,"(-30.272835099999998, 149.8039139)"
IMG_0013_1.tif,-30.272833333333335,149.80293,"(-30.272833333333335, 149.80293)"
IMG_0130_6.tif,-30.273090999999997,149.8039774,"(-30.273090999999997, 149.8039774)"
IMG_0028_5.tif,-30.27309,149.80309450000001,"(-30.27309, 149.80309450000001)"
IMG_0038_3.tif,-30.2725661,149.80338600000002,"(-30.2725661, 149.80338600000002)"
IMG_0083_2.tif,-30.2728616,149.8035241,"(-30.2728616, 149.8035241)"
IMG_0020_2.tif,-30.272838099999998,149.80292010000002,"(-30.272838099999998, 149.80292010000002)"
IMG_0035_6.tif,-30.2728549,149.8032894,"(-30.2728549, 149.8032894)"
IMG_0045_1.tif,-30.2725428,149.80340170000002,"(-30.2725428, 149.80340170000002)"
IMG_0152_4.tif,-30.273154899999998,149.8040034,"(-30.273154899999998, 149.8040034)"
IMG_0133_5.tif,-30.2730596,149.8036442,"(-30.2730596, 149.8036442)"
IMG_0154_3.tif,-30.2731694,149.8039929,"(-30.2731694, 149.8039929)"
IMG_0096_6.tif,-30.2729857,149.80412030000002,"(-30.2729857, 149.80412030000002)"
IMG_0057_1.tif,-30.272746599999998,149.8035141,"(-30.272746599999998, 149.8035141)"
IMG_0015_1.tif,-30.2728352,149.80292490000002,"(-30.2728352, 149.80292490000002)"
IMG_0084_4.tif,-30.272869399999998,149.80363780000002,"(-30.272869399999998, 149.80363780000002)"
IMG_0107_4.tif,-30.2729219,149.803403,"(-30.2729219, 149.803403)"
IMG_0096_1.tif,-30.2729857,149.80412030000002,"(-30.2729857, 149.80412030000002)"
IMG_0078_1.tif,-30.272841099999997,149.8034464,"(-30.272841099999997, 149.8034464)"
IMG_0085_2.tif,-30.2728804,149.8037323,"(-30.2728804, 149.8037323)"
IMG_0140_4.tif,-30.2730796,149.8033158,"(-30.2730796, 149.8033158)"
IMG_0041_5.tif,-30.272551399999998,149.8033973,"(-30.272551399999998, 149.8033973)"
IMG_0084_5.tif,-30.272869399999998,149.80363780000002,"(-30.272869399999998, 149.80363780000002)"
IMG_0134_2.tif,-30.2730516,149.8035562,"(-30.2730516, 149.8035562)"
IMG_0029_1.tif,-30.2731347,149.8031024,"(-30.2731347, 149.8031024)"
IMG_0009_6.tif,-30.272832599999997,149.8029291,"(-30.272832599999997, 149.8029291)"
IMG_0089_4.tif,-30.2729172,149.80408070000001,"(-30.2729172, 149.80408070000001)"
IMG_0046_4.tif,-30.2725419,149.803404,"(-30.2725419, 149.803404)"
IMG_0087_5.tif,-30.272903,149.8039439,"(-30.272903, 149.8039439)"
IMG_0073_3.tif,-30.272793399999998,149.8035017,"(-30.272793399999998, 149.8035017)"
IMG_0056_5.tif,-30.272745099999998,149.8035103,"(-30.272745099999998, 149.8035103)"
IMG_0018_5.tif,-30.2728377,149.8029309,"(-30.2728377, 149.8029309)"
IMG_0199_5.tif,-30.2728368,149.80293550000002,"(-30.2728368, 149.80293550000002)"
IMG_0035_2.tif,-30.2728549,149.8032894,"(-30.2728549, 149.8032894)"
IMG_0164_2.tif,-30.2731484,149.8033938,"(-30.2731484, 149.8033938)"
IMG_0140_5.tif,-30.2730796,149.8033158,"(-30.2730796, 149.8033158)"
IMG_0026_6.tif,-30.272997999999998,149.8030521,"(-30.272997999999998, 149.8030521)"
IMG_0092_2.tif,-30.2729563,149.8041096,"(-30.2729563, 149.8041096)"
IMG_0101_2.tif,-30.2729508,149.80377180000002,"(-30.2729508, 149.80377180000002)"
IMG_0004_2.tif,-30.272833499999997,149.8029276,"(-30.272833499999997, 149.8029276)"
IMG_0165_3.tif,-30.273141499999998,149.80331950000001,"(-30.273141499999998, 149.80331950000001)"
IMG_0093_3.tif,-30.2729751,149.8041163,"(-30.2729751, 149.8041163)"
IMG_0083_5.tif,-30.2728616,149.8035241,"(-30.2728616, 149.8035241)"
IMG_0077_3.tif,-30.272805899999998,149.80346870000002,"(-30.272805899999998, 149.80346870000002)"
IMG_0147_3.tif,-30.2731113,149.8036135,"(-30.2731113, 149.8036135)"
IMG_0161_1.tif,-30.2731793,149.8036836,"(-30.2731793, 149.8036836)"
IMG_0059_4.tif,-30.2727465,149.8036836,"(-30.2727465, 149.8036836)"
IMG_0194_3.tif,-30.2728449,149.80293310000002,"(-30.2728449, 149.80293310000002)"
IMG_0059_3.tif,-30.2727465,149.8036836,"(-30.2727465, 149.8036836)"
IMG_0096_2.tif,-30.2729857,149.80412030000002,"(-30.2729857, 149.80412030000002)"
IMG_0108_2.tif,-30.2729566,149.8033828,"(-30.2729566, 149.8033828)"
IMG_0158_5.tif,-30.273208999999998,149.8039589,"(-30.273208999999998, 149.8039589)"
IMG_0163_4.tif,-30.273161599999998,149.80350620000002,"(-30.273161599999998, 149.80350620000002)"
IMG_0145_3.tif,-30.273089,149.8033829,"(-30.273089, 149.8033829)"
IMG_0131_3.tif,-30.273078599999998,149.8038507,"(-30.273078599999998, 149.8038507)"
IMG_0111_1.tif,-30.272979499999998,149.803377,"(-30.272979499999998, 149.803377)"
IMG_0009_3.tif,-30.272832599999997,149.8029291,"(-30.272832599999997, 149.8029291)"
IMG_0074_2.tif,-30.2727909,149.8034761,"(-30.2727909, 149.8034761)"
IMG_0026_3.tif,-30.272997999999998,149.8030521,"(-30.272997999999998, 149.8030521)"
IMG_0055_4.tif,-30.2727389,149.8035097,"(-30.2727389, 149.8035097)"
IMG_0081_6.tif,-30.272860599999998,149.8034409,"(-30.272860599999998, 149.8034409)"
IMG_0118_4.tif,-30.273026599999998,149.8039558,"(-30.273026599999998, 149.8039558)"
IMG_0193_6.tif,-30.2728441,149.80291580000002,"(-30.2728441, 149.80291580000002)"
IMG_0013_2.tif,-30.272832899999997,149.8029294,"(-30.272832899999997, 149.8029294)"
IMG_0176_6.tif,-30.2730495,149.8026522,"(-30.2730495, 149.8026522)"
IMG_0022_1.tif,-30.2728592,149.80292980000002,"(-30.2728592, 149.80292980000002)"
IMG_0023_4.tif,-30.272906799999998,149.80296180000002,"(-30.272906799999998, 149.80296180000002)"
IMG_0061_6.tif,-30.2727535,149.8037271,"(-30.2727535, 149.8037271)"
IMG_0091_1.tif,-30.272919899999998,149.8040977,"(-30.272919899999998, 149.8040977)"
IMG_0003_1.tif,-30.2728336,149.8029275,"(-30.2728336, 149.8029275)"
IMG_0095_5.tif,-30.2729864,149.8041183,"(-30.2729864, 149.8041183)"
IMG_0011_3.tif,-30.2728325,149.80292930000002,"(-30.2728325, 149.80292930000002)"
IMG_0196_5.tif,-30.2728485,149.8029377,"(-30.2728485, 149.8029377)"
IMG_0147_1.tif,-30.2731113,149.8036135,"(-30.2731113, 149.8036135)"
IMG_0108_5.tif,-30.2729566,149.8033828,"(-30.2729566, 149.8033828)"
IMG_0163_3.tif,-30.273161599999998,149.80350620000002,"(-30.273161599999998, 149.80350620000002)"
IMG_0175_3.tif,-30.273066099999998,149.80270610000002,"(-30.273066099999998, 149.80270610000002)"
IMG_0073_6.tif,-30.272793399999998,149.8035017,"(-30.272793399999998, 149.8035017)"
IMG_0075_1.tif,-30.2727932,149.8034713,"(-30.2727932, 149.8034713)"
IMG_0032_4.tif,-30.273096499999998,149.80321880000002,"(-30.273096499999998, 149.80321880000002)"
IMG_0053_4.tif,-30.2726303,149.80344670000002,"(-30.2726303, 149.80344670000002)"
IMG_0119_1.tif,-30.273037,149.8040454,"(-30.273037, 149.8040454)"
IMG_0114_1.tif,-30.2729885,149.8035628,"(-30.2729885, 149.8035628)"
IMG_0136_2.tif,-30.2730317,149.8033598,"(-30.2730317, 149.8033598)"
IMG_0042_3.tif,-30.272547199999998,149.8033958,"(-30.272547199999998, 149.8033958)"
IMG_0066_2.tif,-30.2728374,149.80391070000002,"(-30.2728374, 149.80391070000002)"
IMG_0056_6.tif,-30.272745099999998,149.8035103,"(-30.272745099999998, 149.8035103)"
IMG_0171_2.tif,-30.2731858,149.80324620000002,"(-30.2731858, 149.80324620000002)"
IMG_0049_3.tif,-30.27254,149.80340180000002,"(-30.27254, 149.80340180000002)"
IMG_0074_3.tif,-30.2727909,149.8034761,"(-30.2727909, 149.8034761)"
IMG_0152_2.tif,-30.273154899999998,149.8040034,"(-30.273154899999998, 149.8040034)"
IMG_0111_3.tif,-30.272979499999998,149.803377,"(-30.272979499999998, 149.803377)"
IMG_0071_4.tif,-30.2728108,149.8037047,"(-30.2728108, 149.8037047)"
IMG_0082_2.tif,-30.2728573,149.8034581,"(-30.2728573, 149.8034581)"
IMG_0030_4.tif,-30.2731647,149.8031085,"(-30.2731647, 149.8031085)"
IMG_0124_1.tif,-30.2730923,149.80404190000002,"(-30.2730923, 149.80404190000002)"
IMG_0034_6.tif,-30.272935699999998,149.80326490000002,"(-30.272935699999998, 149.80326490000002)"
IMG_0197_2.tif,-30.2728444,149.8029404,"(-30.2728444, 149.8029404)"
IMG_0172_6.tif,-30.2731469,149.80308770000002,"(-30.2731469, 149.80308770000002)"
IMG_0024_3.tif,-30.2729516,149.8030026,"(-30.2729516, 149.8030026)"
IMG_0160_3.tif,-30.2731903,149.80381500000001,"(-30.2731903, 149.80381500000001)"
IMG_0161_6.tif,-30.2731793,149.8036836,"(-30.2731793, 149.8036836)"
IMG_0158_1.tif,-30.273208999999998,149.8039589,"(-30.273208999999998, 149.8039589)"
IMG_0082_6.tif,-30.2728573,149.8034581,"(-30.2728573, 149.8034581)"
IMG_0131_6.tif,-30.273078599999998,149.8038507,"(-30.273078599999998, 149.8038507)"
IMG_0100_5.tif,-30.272959399999998,149.80386190000002,"(-30.272959399999998, 149.80386190000002)"
IMG_0178_3.tif,-30.2729856,149.80266790000002,"(-30.2729856, 149.80266790000002)"
IMG_0048_6.tif,-30.2725412,149.8034025,"(-30.2725412, 149.8034025)"
IMG_0070_3.tif,-30.2728204,149.8038208,"(-30.2728204, 149.8038208)"
IMG_0130_1.tif,-30.273090999999997,149.8039774,"(-30.273090999999997, 149.8039774)"
IMG_0011_5.tif,-30.2728325,149.80292930000002,"(-30.2728325, 149.80292930000002)"
IMG_0147_5.tif,-30.2731113,149.8036135,"(-30.2731113, 149.8036135)"
IMG_0112_1.tif,-30.2729751,149.8033823,"(-30.2729751, 149.8033823)"
IMG_0019_2.tif,-30.272835699999998,149.8029265,"(-30.272835699999998, 149.8029265)"
IMG_0128_3.tif,-30.273095599999998,149.8040421,"(-30.273095599999998, 149.8040421)"
IMG_0056_2.tif,-30.272745099999998,149.8035103,"(-30.272745099999998, 149.8035103)"
IMG_0147_2.tif,-30.2731113,149.8036135,"(-30.2731113, 149.8036135)"
IMG_0115_5.tif,-30.272998599999998,149.803664,"(-30.272998599999998, 149.803664)"
IMG_0086_6.tif,-30.2728917,149.8038371,"(-30.2728917, 149.8038371)"
IMG_0129_1.tif,-30.273096499999998,149.8040372,"(-30.273096499999998, 149.8040372)"
IMG_0113_6.tif,-30.2729787,149.80345820000002,"(-30.2729787, 149.80345820000002)"
IMG_0132_4.tif,-30.2730709,149.8037645,"(-30.2730709, 149.8037645)"
IMG_0077_2.tif,-30.272805899999998,149.80346870000002,"(-30.272805899999998, 149.80346870000002)"
IMG_0102_6.tif,-30.2729395,149.80366740000002,"(-30.2729395, 149.80366740000002)"
IMG_0126_1.tif,-30.2730972,149.80404090000002,"(-30.2730972, 149.80404090000002)"
IMG_0041_4.tif,-30.272551399999998,149.8033973,"(-30.272551399999998, 149.8033973)"
IMG_0108_1.tif,-30.2729566,149.8033828,"(-30.2729566, 149.8033828)"
IMG_0010_5.tif,-30.272832299999997,149.8029295,"(-30.272832299999997, 149.8029295)"
IMG_0108_6.tif,-30.2729566,149.8033828,"(-30.2729566, 149.8033828)"
IMG_0076_6.tif,-30.2727935,149.80347410000002,"(-30.2727935, 149.80347410000002)"
IMG_0125_5.tif,-30.2730994,149.8040381,"(-30.2730994, 149.8040381)"
IMG_0196_4.tif,-30.2728485,149.8029377,"(-30.2728485, 149.8029377)"
IMG_0144_5.tif,-30.2730861,149.8033216,"(-30.2730861, 149.8033216)"
IMG_0192_6.tif,-30.2728338,149.80288320000002,"(-30.2728338, 149.80288320000002)"
IMG_0101_3.tif,-30.2729508,149.80377180000002,"(-30.2729508, 149.80377180000002)"
IMG_0075_3.tif,-30.2727932,149.8034713,"(-30.2727932, 149.8034713)"
IMG_0102_1.tif,-30.2729395,149.80366740000002,"(-30.2729395, 149.80366740000002)"
IMG_0019_1.tif,-30.272835699999998,149.8029265,"(-30.272835699999998, 149.8029265)"
IMG_0170_3.tif,-30.2731872,149.8032714,"(-30.2731872, 149.8032714)"
IMG_0000_4.tif,-30.272835399999998,149.80293260000002,"(-30.272835399999998, 149.80293260000002)"
IMG_0081_5.tif,-30.272860599999998,149.8034409,"(-30.272860599999998, 149.8034409)"
IMG_0078_6.tif,-30.272841099999997,149.8034464,"(-30.272841099999997, 149.8034464)"
IMG_0195_6.tif,-30.2728449,149.80293170000002,"(-30.2728449, 149.80293170000002)"
IMG_0097_3.tif,-30.2729864,149.80411840000002,"(-30.2729864, 149.80411840000002)"
IMG_0040_3.tif,-30.2725507,149.80339650000002,"(-30.2725507, 149.80339650000002)"
IMG_0139_1.tif,-30.2730382,149.80333850000002,"(-30.2730382, 149.80333850000002)"
IMG_0022_4.tif,-30.2728592,149.80292980000002,"(-30.2728592, 149.80292980000002)"
IMG_0185_5.tif,-30.2728279,149.80283500000002,"(-30.2728279, 149.80283500000002)"
IMG_0090_6.tif,-30.272920199999998,149.80409500000002,"(-30.272920199999998, 149.80409500000002)"
IMG_0130_2.tif,-30.273090999999997,149.8039774,"(-30.273090999999997, 149.8039774)"
IMG_0197_1.tif,-30.2728444,149.8029404,"(-30.2728444, 149.8029404)"
IMG_0129_4.tif,-30.273096499999998,149.8040372,"(-30.273096499999998, 149.8040372)"
IMG_0117_6.tif,-30.273018399999998,149.8038564,"(-30.273018399999998, 149.8038564)"
IMG_0145_1.tif,-30.273089,149.8033829,"(-30.273089, 149.8033829)"
IMG_0052_1.tif,-30.2725504,149.80340850000002,"(-30.2725504, 149.80340850000002)"
IMG_0061_3.tif,-30.2727535,149.8037271,"(-30.2727535, 149.8037271)"
IMG_0060_5.tif,-30.2727517,149.80371770000002,"(-30.2727517, 149.80371770000002)"
IMG_0074_4.tif,-30.2727909,149.8034761,"(-30.2727909, 149.8034761)"
IMG_0169_6.tif,-30.273178899999998,149.80326300000002,"(-30.273178899999998, 149.80326300000002)"
IMG_0187_3.tif,-30.2728179,149.8028352,"(-30.2728179, 149.8028352)"
IMG_0120_1.tif,-30.273042399999998,149.80407870000002,"(-30.273042399999998, 149.80407870000002)"
IMG_0008_4.tif,-30.272832599999997,149.802929,"(-30.272832599999997, 149.802929)"
IMG_0177_1.tif,-30.2730273,149.80265020000002,"(-30.2730273, 149.80265020000002)"
IMG_0157_5.tif,-30.2732092,149.8039612,"(-30.2732092, 149.8039612)"
IMG_0101_1.tif,-30.2729508,149.80377180000002,"(-30.2729508, 149.80377180000002)"
IMG_0169_3.tif,-30.273178899999998,149.80326300000002,"(-30.273178899999998, 149.80326300000002)"
IMG_0060_6.tif,-30.2727517,149.80371770000002,"(-30.2727517, 149.80371770000002)"
IMG_0098_2.tif,-30.2729771,149.80406440000002,"(-30.2729771, 149.80406440000002)"
IMG_0062_4.tif,-30.2727692,149.8037619,"(-30.2727692, 149.8037619)"
IMG_0133_2.tif,-30.2730596,149.8036442,"(-30.2730596, 149.8036442)"
IMG_0015_6.tif,-30.2728352,149.80292490000002,"(-30.2728352, 149.80292490000002)"
IMG_0162_3.tif,-30.273174299999997,149.80361630000002,"(-30.273174299999997, 149.80361630000002)"
IMG_0069_3.tif,-30.27283,149.80389430000002,"(-30.27283, 149.80389430000002)"
IMG_0123_1.tif,-30.2730508,149.80407490000002,"(-30.2730508, 149.80407490000002)"
IMG_0199_1.tif,-30.2728368,149.80293550000002,"(-30.2728368, 149.80293550000002)"
IMG_0099_3.tif,-30.2729659,149.80395000000001,"(-30.2729659, 149.80395000000001)"
IMG_0125_4.tif,-30.2730994,149.8040381,"(-30.2730994, 149.8040381)"
IMG_0172_3.tif,-30.2731469,149.80308770000002,"(-30.2731469, 149.80308770000002)"
IMG_0105_6.tif,-30.2729143,149.80341900000002,"(-30.2729143, 149.80341900000002)"
IMG_0154_5.tif,-30.2731694,149.8039929,"(-30.2731694, 149.8039929)"
IMG_0025_5.tif,-30.2729769,149.8030292,"(-30.2729769, 149.8030292)"
IMG_0082_1.tif,-30.2728573,149.8034581,"(-30.2728573, 149.8034581)"
IMG_0080_5.tif,-30.2728605,149.8034402,"(-30.2728605, 149.8034402)"
IMG_0166_5.tif,-30.2731402,149.8032876,"(-30.2731402, 149.8032876)"
IMG_0004_4.tif,-30.272833499999997,149.8029276,"(-30.272833499999997, 149.8029276)"
IMG_0023_2.tif,-30.272906799999998,149.80296180000002,"(-30.272906799999998, 149.80296180000002)"
IMG_0109_1.tif,-30.2729754,149.8033741,"(-30.2729754, 149.8033741)"
IMG_0030_5.tif,-30.2731647,149.8031085,"(-30.2731647, 149.8031085)"
IMG_0004_5.tif,-30.272833499999997,149.8029276,"(-30.272833499999997, 149.8029276)"
IMG_0117_3.tif,-30.273018399999998,149.8038564,"(-30.273018399999998, 149.8038564)"
IMG_0057_2.tif,-30.272746599999998,149.8035141,"(-30.272746599999998, 149.8035141)"
IMG_0052_3.tif,-30.2725504,149.80340850000002,"(-30.2725504, 149.80340850000002)"
IMG_0115_3.tif,-30.272998599999998,149.803664,"(-30.272998599999998, 149.803664)"
IMG_0027_3.tif,-30.273035,149.8030718,"(-30.273035, 149.8030718)"
IMG_0162_2.tif,-30.273174299999997,149.80361630000002,"(-30.273174299999997, 149.80361630000002)"
IMG_0001_3.tif,-30.2728356,149.8029325,"(-30.2728356, 149.8029325)"
IMG_0071_1.tif,-30.2728108,149.8037047,"(-30.2728108, 149.8037047)"
IMG_0032_3.tif,-30.273096499999998,149.80321880000002,"(-30.273096499999998, 149.80321880000002)"
IMG_0072_1.tif,-30.2728039,149.80360470000002,"(-30.2728039, 149.80360470000002)"
IMG_0195_4.tif,-30.2728449,149.80293170000002,"(-30.2728449, 149.80293170000002)"
IMG_0151_5.tif,-30.2731496,149.8039808,"(-30.2731496, 149.8039808)"
IMG_0107_3.tif,-30.2729219,149.803403,"(-30.2729219, 149.803403)"
IMG_0154_2.tif,-30.2731694,149.8039929,"(-30.2731694, 149.8039929)"
IMG_0163_5.tif,-30.273161599999998,149.80350620000002,"(-30.273161599999998, 149.80350620000002)"
IMG_0063_1.tif,-30.272805599999998,149.8038458,"(-30.272805599999998, 149.8038458)"
IMG_0043_6.tif,-30.2725446,149.80339650000002,"(-30.2725446, 149.80339650000002)"
IMG_0087_1.tif,-30.272903,149.8039439,"(-30.272903, 149.8039439)"
IMG_0174_6.tif,-30.273094099999998,149.802849,"(-30.273094099999998, 149.802849)"
IMG_0132_2.tif,-30.2730709,149.8037645,"(-30.2730709, 149.8037645)"
IMG_0084_2.tif,-30.272869399999998,149.80363780000002,"(-30.272869399999998, 149.80363780000002)"
IMG_0055_6.tif,-30.2727389,149.8035097,"(-30.2727389, 149.8035097)"
IMG_0107_5.tif,-30.2729219,149.803403,"(-30.2729219, 149.803403)"
IMG_0159_4.tif,-30.2732034,149.8039223,"(-30.2732034, 149.8039223)"
IMG_0085_5.tif,-30.2728804,149.8037323,"(-30.2728804, 149.8037323)"
IMG_0038_4.tif,-30.2725661,149.80338600000002,"(-30.2725661, 149.80338600000002)"
IMG_0174_5.tif,-30.273094099999998,149.802849,"(-30.273094099999998, 149.802849)"
IMG_0057_6.tif,-30.272746599999998,149.8035141,"(-30.272746599999998, 149.8035141)"
IMG_0068_2.tif,-30.2728338,149.80390930000002,"(-30.2728338, 149.80390930000002)"
IMG_0141_2.tif,-30.273088599999998,149.80331220000002,"(-30.273088599999998, 149.80331220000002)"
IMG_0104_2.tif,-30.2729174,149.80345530000002,"(-30.2729174, 149.80345530000002)"
IMG_0045_5.tif,-30.2725428,149.80340170000002,"(-30.2725428, 149.80340170000002)"
IMG_0041_2.tif,-30.272551399999998,149.8033973,"(-30.272551399999998, 149.8033973)"
IMG_0040_6.tif,-30.2725507,149.80339650000002,"(-30.2725507, 149.80339650000002)"
IMG_0103_6.tif,-30.2729288,149.8035739,"(-30.2729288, 149.8035739)"
IMG_0031_5.tif,-30.2731556,149.80317050000002,"(-30.2731556, 149.80317050000002)"
IMG_0085_6.tif,-30.2728804,149.8037323,"(-30.2728804, 149.8037323)"
IMG_0099_2.tif,-30.2729659,149.80395000000001,"(-30.2729659, 149.80395000000001)"
IMG_0079_2.tif,-30.2728583,149.8034404,"(-30.2728583, 149.8034404)"
IMG_0026_5.tif,-30.272997999999998,149.8030521,"(-30.272997999999998, 149.8030521)"
IMG_0141_1.tif,-30.273088599999998,149.80331220000002,"(-30.273088599999998, 149.80331220000002)"
IMG_0184_4.tif,-30.2728199,149.802819,"(-30.2728199, 149.802819)"
IMG_0018_2.tif,-30.2728377,149.8029309,"(-30.2728377, 149.8029309)"
IMG_0122_1.tif,-30.2730413,149.8040789,"(-30.2730413, 149.8040789)"
IMG_0111_6.tif,-30.272979499999998,149.803377,"(-30.272979499999998, 149.803377)"
IMG_0126_5.tif,-30.2730972,149.80404090000002,"(-30.2730972, 149.80404090000002)"
IMG_0063_5.tif,-30.272805599999998,149.8038458,"(-30.272805599999998, 149.8038458)"
IMG_0141_5.tif,-30.273088599999998,149.80331220000002,"(-30.273088599999998, 149.80331220000002)"
IMG_0088_2.tif,-30.2729115,149.8040249,"(-30.2729115, 149.8040249)"
IMG_0174_2.tif,-30.273094099999998,149.802849,"(-30.273094099999998, 149.802849)"
IMG_0049_2.tif,-30.27254,149.80340180000002,"(-30.27254, 149.80340180000002)"
IMG_0160_6.tif,-30.2731903,149.80381500000001,"(-30.2731903, 149.80381500000001)"
IMG_0029_2.tif,-30.2731347,149.8031024,"(-30.2731347, 149.8031024)"
IMG_0069_1.tif,-30.27283,149.80389430000002,"(-30.27283, 149.80389430000002)"
IMG_0162_5.tif,-30.273174299999997,149.80361630000002,"(-30.273174299999997, 149.80361630000002)"
IMG_0116_5.tif,-30.2730066,149.80375500000002,"(-30.2730066, 149.80375500000002)"
IMG_0046_5.tif,-30.2725419,149.803404,"(-30.2725419, 149.803404)"
IMG_0105_2.tif,-30.2729143,149.80341900000002,"(-30.2729143, 149.80341900000002)"
IMG_0109_3.tif,-30.2729754,149.8033741,"(-30.2729754, 149.8033741)"
IMG_0197_3.tif,-30.2728444,149.8029404,"(-30.2728444, 149.8029404)"
IMG_0123_6.tif,-30.2730508,149.80407490000002,"(-30.2730508, 149.80407490000002)"
IMG_0041_1.tif,-30.272551399999998,149.8033973,"(-30.272551399999998, 149.8033973)"
IMG_0146_1.tif,-30.2731004,149.80350610000002,"(-30.2731004, 149.80350610000002)"
IMG_0029_4.tif,-30.2731347,149.8031024,"(-30.2731347, 149.8031024)"
IMG_0122_5.tif,-30.2730413,149.8040789,"(-30.2730413, 149.8040789)"
IMG_0038_2.tif,-30.2725661,149.80338600000002,"(-30.2725661, 149.80338600000002)"
IMG_0183_6.tif,-30.2728158,149.8027601,"(-30.2728158, 149.8027601)"
IMG_0138_5.tif,-30.2730289,149.8033408,"(-30.2730289, 149.8033408)"
IMG_0143_1.tif,-30.2730919,149.8033172,"(-30.2730919, 149.8033172)"
IMG_0050_6.tif,-30.2725391,149.80340360000002,"(-30.2725391, 149.80340360000002)"
IMG_0154_4.tif,-30.2731694,149.8039929,"(-30.2731694, 149.8039929)"
IMG_0065_6.tif,-30.272835099999998,149.8039139,"(-30.272835099999998, 149.8039139)"
IMG_0124_2.tif,-30.2730923,149.80404190000002,"(-30.2730923, 149.80404190000002)"
IMG_0006_5.tif,-30.2728328,149.8029285,"(-30.2728328, 149.8029285)"
IMG_0095_4.tif,-30.2729864,149.8041183,"(-30.2729864, 149.8041183)"
IMG_0173_3.tif,-30.2731298,149.8030175,"(-30.2731298, 149.8030175)"
IMG_0006_4.tif,-30.2728328,149.8029285,"(-30.2728328, 149.8029285)"
IMG_0184_6.tif,-30.2728199,149.802819,"(-30.2728199, 149.802819)"
IMG_0128_4.tif,-30.273095599999998,149.8040421,"(-30.273095599999998, 149.8040421)"
IMG_0171_1.tif,-30.2731858,149.80324620000002,"(-30.2731858, 149.80324620000002)"
IMG_0150_3.tif,-30.2731469,149.8039166,"(-30.2731469, 149.8039166)"
IMG_0134_5.tif,-30.2730516,149.8035562,"(-30.2730516, 149.8035562)"
IMG_0182_1.tif,-30.2728271,149.8027284,"(-30.2728271, 149.8027284)"
IMG_0002_6.tif,-30.272836599999998,149.80292930000002,"(-30.272836599999998, 149.80292930000002)"
IMG_0103_3.tif,-30.2729288,149.8035739,"(-30.2729288, 149.8035739)"
IMG_0057_5.tif,-30.272746599999998,149.8035141,"(-30.272746599999998, 149.8035141)"
IMG_0047_6.tif,-30.272540799999998,149.803404,"(-30.272540799999998, 149.803404)"
IMG_0181_4.tif,-30.272871,149.80271190000002,"(-30.272871, 149.80271190000002)"
IMG_0151_3.tif,-30.2731496,149.8039808,"(-30.2731496, 149.8039808)"
IMG_0175_5.tif,-30.273066099999998,149.80270610000002,"(-30.273066099999998, 149.80270610000002)"
IMG_0072_3.tif,-30.2728039,149.80360470000002,"(-30.2728039, 149.80360470000002)"
IMG_0089_5.tif,-30.2729172,149.80408070000001,"(-30.2729172, 149.80408070000001)"
IMG_0013_6.tif,-30.272832899999997,149.8029294,"(-30.272832899999997, 149.8029294)"
IMG_0178_1.tif,-30.2729856,149.80266790000002,"(-30.2729856, 149.80266790000002)"
IMG_0042_5.tif,-30.272547199999998,149.8033958,"(-30.272547199999998, 149.8033958)"
IMG_0138_6.tif,-30.2730289,149.8033408,"(-30.2730289, 149.8033408)"
IMG_0159_1.tif,-30.2732034,149.8039223,"(-30.2732034, 149.8039223)"
IMG_0195_5.tif,-30.2728449,149.80293170000002,"(-30.2728449, 149.80293170000002)"
IMG_0054_4.tif,-30.272726499999997,149.8034997,"(-30.272726499999997, 149.8034997)"
IMG_0005_1.tif,-30.2728331,149.8029286,"(-30.2728331, 149.8029286)"
IMG_0043_4.tif,-30.2725446,149.80339650000002,"(-30.2725446, 149.80339650000002)"
IMG_0005_4.tif,-30.2728331,149.8029286,"(-30.2728331, 149.8029286)"
IMG_0192_1.tif,-30.2728338,149.80288320000002,"(-30.2728338, 149.80288320000002)"
